date,inflation,UNRATE,FEDFUNDS,IP_growth,inflation_lag_1,inflation_lag_2,inflation_lag_3,inflation_lag_4,inflation_lag_5,inflation_lag_6,inflation_lag_7,inflation_lag_8,inflation_lag_9,inflation_lag_10,inflation_lag_11,inflation_lag_12,UNRATE_lag_1,UNRATE_lag_2,UNRATE_lag_3,UNRATE_lag_4,UNRATE_lag_5,UNRATE_lag_6,UNRATE_lag_7,UNRATE_lag_8,UNRATE_lag_9,UNRATE_lag_10,UNRATE_lag_11,UNRATE_lag_12,FEDFUNDS_lag_1,FEDFUNDS_lag_2,FEDFUNDS_lag_3,FEDFUNDS_lag_4,FEDFUNDS_lag_5,FEDFUNDS_lag_6,FEDFUNDS_lag_7,FEDFUNDS_lag_8,FEDFUNDS_lag_9,FEDFUNDS_lag_10,FEDFUNDS_lag_11,FEDFUNDS_lag_12,IP_growth_lag_1,IP_growth_lag_2,IP_growth_lag_3,IP_growth_lag_4,IP_growth_lag_5,IP_growth_lag_6,IP_growth_lag_7,IP_growth_lag_8,IP_growth_lag_9,IP_growth_lag_10,IP_growth_lag_11,IP_growth_lag_12
1992-01-01,2.6375155254394045,7.3,4.03,0.5319877372008008,2.93706867959882,3.020487447166076,2.808758181026061,3.3398280401848446,3.7289928245472836,4.275116695266323,4.588996205949858,4.912207765369825,4.697833502101112,4.708538667468787,5.176193455858957,5.493371881783737,7.3,7.0,7.0,6.9,6.9,6.8,6.9,6.9,6.7,6.8,6.6,6.4,4.43,4.81,5.21,5.45,5.66,5.82,5.9,5.78,5.91,6.12,6.25,6.91,0.7309950322199832,0.48177380435889816,-0.6395790015674585,-1.1708841321056873,-1.9534249158160932,-1.6036159483543422,-2.058172450464557,-2.526630272674968,-3.1599550008218458,-3.6857943808214166,-2.6117701550173678,-0.9661124511985975
1992-02-01,2.7799888277596274,7.4,4.06,1.9770703029326597,2.6375155254394045,2.93706867959882,3.020487447166076,2.808758181026061,3.3398280401848446,3.7289928245472836,4.275116695266323,4.588996205949858,4.912207765369825,4.697833502101112,4.708538667468787,5.176193455858957,7.3,7.3,7.0,7.0,6.9,6.9,6.8,6.9,6.9,6.7,6.8,6.6,4.03,4.43,4.81,5.21,5.45,5.66,5.82,5.9,5.78,5.91,6.12,6.25,0.5319877372008008,0.7309950322199832,0.48177380435889816,-0.6395790015674585,-1.1708841321056873,-1.9534249158160932,-1.6036159483543422,-2.058172450464557,-2.526630272674968,-3.1599550008218458,-3.6857943808214166,-2.6117701550173678
1992-03-01,3.1400900451190594,7.4,3.98,3.4031264296117136,2.7799888277596274,2.6375155254394045,2.93706867959882,3.020487447166076,2.808758181026061,3.3398280401848446,3.7289928245472836,4.275116695266323,4.588996205949858,4.912207765369825,4.697833502101112,4.708538667468787,7.4,7.3,7.3,7.0,7.0,6.9,6.9,6.8,6.9,6.9,6.7,6.8,4.06,4.03,4.43,4.81,5.21,5.45,5.66,5.82,5.9,5.78,5.91,6.12,1.9770703029326597,0.5319877372008008,0.7309950322199832,0.48177380435889816,-0.6395790015674585,-1.1708841321056873,-1.9534249158160932,-1.6036159483543422,-2.058172450464557,-2.526630272674968,-3.1599550008218458,-3.6857943808214166
1992-04-01,3.1332253360270457,7.4,3.73,3.8957587368800617,3.1400900451190594,2.7799888277596274,2.6375155254394045,2.93706867959882,3.020487447166076,2.808758181026061,3.3398280401848446,3.7289928245472836,4.275116695266323,4.588996205949858,4.912207765369825,4.697833502101112,7.4,7.4,7.3,7.3,7.0,7.0,6.9,6.9,6.8,6.9,6.9,6.7,3.98,4.06,4.03,4.43,4.81,5.21,5.45,5.66,5.82,5.9,5.78,5.91,3.4031264296117136,1.9770703029326597,0.5319877372008008,0.7309950322199832,0.48177380435889816,-0.6395790015674585,-1.1708841321056873,-1.9534249158160932,-1.6036159483543422,-2.058172450464557,-2.526630272674968,-3.1599550008218458
1992-05-01,2.978789075662114,7.6,3.82,3.287312793238595,3.1332253360270457,3.1400900451190594,2.7799888277596274,2.6375155254394045,2.93706867959882,3.020487447166076,2.808758181026061,3.3398280401848446,3.7289928245472836,4.275116695266323,4.588996205949858,4.912207765369825,7.4,7.4,7.4,7.3,7.3,7.0,7.0,6.9,6.9,6.8,6.9,6.9,3.73,3.98,4.06,4.03,4.43,4.81,5.21,5.45,5.66,5.82,5.9,5.78,3.8957587368800617,3.4031264296117136,1.9770703029326597,0.5319877372008008,0.7309950322199832,0.48177380435889816,-0.6395790015674585,-1.1708841321056873,-1.9534249158160932,-1.6036159483543422,-2.058172450464557,-2.526630272674968
1992-06-01,2.970156760690923,7.8,3.76,2.531443717931481,2.978789075662114,3.1332253360270457,3.1400900451190594,2.7799888277596274,2.6375155254394045,2.93706867959882,3.020487447166076,2.808758181026061,3.3398280401848446,3.7289928245472836,4.275116695266323,4.588996205949858,7.6,7.4,7.4,7.4,7.3,7.3,7.0,7.0,6.9,6.9,6.8,6.9,3.82,3.73,3.98,4.06,4.03,4.43,4.81,5.21,5.45,5.66,5.82,5.9,3.287312793238595,3.8957587368800617,3.4031264296117136,1.9770703029326597,0.5319877372008008,0.7309950322199832,0.48177380435889816,-0.6395790015674585,-1.1708841321056873,-1.9534249158160932,-1.6036159483543422,-2.058172450464557
1992-07-01,3.1083095058389354,7.7,3.25,3.16826833866779,2.970156760690923,2.978789075662114,3.1332253360270457,3.1400900451190594,2.7799888277596274,2.6375155254394045,2.93706867959882,3.020487447166076,2.808758181026061,3.3398280401848446,3.7289928245472836,4.275116695266323,7.8,7.6,7.4,7.4,7.4,7.3,7.3,7.0,7.0,6.9,6.9,6.8,3.76,3.82,3.73,3.98,4.06,4.03,4.43,4.81,5.21,5.45,5.66,5.82,2.531443717931481,3.287312793238595,3.8957587368800617,3.4031264296117136,1.9770703029326597,0.5319877372008008,0.7309950322199832,0.48177380435889816,-0.6395790015674585,-1.1708841321056873,-1.9534249158160932,-1.6036159483543422
1992-08-01,3.0283496587252934,7.6,3.3,2.608646848765961,3.1083095058389354,2.970156760690923,2.978789075662114,3.1332253360270457,3.1400900451190594,2.7799888277596274,2.6375155254394045,2.93706867959882,3.020487447166076,2.808758181026061,3.3398280401848446,3.7289928245472836,7.7,7.8,7.6,7.4,7.4,7.4,7.3,7.3,7.0,7.0,6.9,6.9,3.25,3.76,3.82,3.73,3.98,4.06,4.03,4.43,4.81,5.21,5.45,5.66,3.16826833866779,2.531443717931481,3.287312793238595,3.8957587368800617,3.4031264296117136,1.9770703029326597,0.5319877372008008,0.7309950322199832,0.48177380435889816,-0.6395790015674585,-1.1708841321056873,-1.9534249158160932
1992-09-01,2.9487933030643454,7.6,3.22,2.147792470843868,3.0283496587252934,3.1083095058389354,2.970156760690923,2.978789075662114,3.1332253360270457,3.1400900451190594,2.7799888277596274,2.6375155254394045,2.93706867959882,3.020487447166076,2.808758181026061,3.3398280401848446,7.6,7.7,7.8,7.6,7.4,7.4,7.4,7.3,7.3,7.0,7.0,6.9,3.3,3.25,3.76,3.82,3.73,3.98,4.06,4.03,4.43,4.81,5.21,5.45,2.608646848765961,3.16826833866779,2.531443717931481,3.287312793238595,3.8957587368800617,3.4031264296117136,1.9770703029326597,0.5319877372008008,0.7309950322199832,0.48177380435889816,-0.6395790015674585,-1.1708841321056873
1992-10-01,3.2272431404850366,7.3,3.1,2.875341723153202,2.9487933030643454,3.0283496587252934,3.1083095058389354,2.970156760690923,2.978789075662114,3.1332253360270457,3.1400900451190594,2.7799888277596274,2.6375155254394045,2.93706867959882,3.020487447166076,2.808758181026061,7.6,7.6,7.7,7.8,7.6,7.4,7.4,7.4,7.3,7.3,7.0,7.0,3.22,3.3,3.25,3.76,3.82,3.73,3.98,4.06,4.03,4.43,4.81,5.21,2.147792470843868,2.608646848765961,3.16826833866779,2.531443717931481,3.287312793238595,3.8957587368800617,3.4031264296117136,1.9770703029326597,0.5319877372008008,0.7309950322199832,0.48177380435889816,-0.6395790015674585
1992-11-01,3.0727676523496505,7.4,3.09,3.412207773536924,3.2272431404850366,2.9487933030643454,3.0283496587252934,3.1083095058389354,2.970156760690923,2.978789075662114,3.1332253360270457,3.1400900451190594,2.7799888277596274,2.6375155254394045,2.93706867959882,3.020487447166076,7.3,7.6,7.6,7.7,7.8,7.6,7.4,7.4,7.4,7.3,7.3,7.0,3.1,3.22,3.3,3.25,3.76,3.82,3.73,3.98,4.06,4.03,4.43,4.81,2.875341723153202,2.147792470843868,2.608646848765961,3.16826833866779,2.531443717931481,3.287312793238595,3.8957587368800617,3.4031264296117136,1.9770703029326597,0.5319877372008008,0.7309950322199832,0.48177380435889816
1992-12-01,2.923559376223661,7.4,2.92,4.068395841129213,3.0727676523496505,3.2272431404850366,2.9487933030643454,3.0283496587252934,3.1083095058389354,2.970156760690923,2.978789075662114,3.1332253360270457,3.1400900451190594,2.7799888277596274,2.6375155254394045,2.93706867959882,7.4,7.3,7.6,7.6,7.7,7.8,7.6,7.4,7.4,7.4,7.3,7.3,3.09,3.1,3.22,3.3,3.25,3.76,3.82,3.73,3.98,4.06,4.03,4.43,3.412207773536924,2.875341723153202,2.147792470843868,2.608646848765961,3.16826833866779,2.531443717931481,3.287312793238595,3.8957587368800617,3.4031264296117136,1.9770703029326597,0.5319877372008008,0.7309950322199832
1993-01-01,3.2019811234771822,7.3,3.02,4.976776492529211,2.923559376223661,3.0727676523496505,3.2272431404850366,2.9487933030643454,3.0283496587252934,3.1083095058389354,2.970156760690923,2.978789075662114,3.1332253360270457,3.1400900451190594,2.7799888277596274,2.6375155254394045,7.4,7.4,7.3,7.6,7.6,7.7,7.8,7.6,7.4,7.4,7.4,7.3,2.92,3.09,3.1,3.22,3.3,3.25,3.76,3.82,3.73,3.98,4.06,4.03,4.068395841129213,3.412207773536924,2.875341723153202,2.147792470843868,2.608646848765961,3.16826833866779,2.531443717931481,3.287312793238595,3.8957587368800617,3.4031264296117136,1.9770703029326597,0.5319877372008008
1993-02-01,3.1951599806602005,7.1,3.03,4.753726921232637,3.2019811234771822,2.923559376223661,3.0727676523496505,3.2272431404850366,2.9487933030643454,3.0283496587252934,3.1083095058389354,2.970156760690923,2.978789075662114,3.1332253360270457,3.1400900451190594,2.7799888277596274,7.3,7.4,7.4,7.3,7.6,7.6,7.7,7.8,7.6,7.4,7.4,7.4,3.02,2.92,3.09,3.1,3.22,3.3,3.25,3.76,3.82,3.73,3.98,4.06,4.976776492529211,4.068395841129213,3.412207773536924,2.875341723153202,2.147792470843868,2.608646848765961,3.16826833866779,2.531443717931481,3.287312793238595,3.8957587368800617,3.4031264296117136,1.9770703029326597
1993-03-01,2.9747235904729052,7.0,3.07,3.817383347945924,3.1951599806602005,3.2019811234771822,2.923559376223661,3.0727676523496505,3.2272431404850366,2.9487933030643454,3.0283496587252934,3.1083095058389354,2.970156760690923,2.978789075662114,3.1332253360270457,3.1400900451190594,7.1,7.3,7.4,7.4,7.3,7.6,7.6,7.7,7.8,7.6,7.4,7.4,3.03,3.02,2.92,3.09,3.1,3.22,3.3,3.25,3.76,3.82,3.73,3.98,4.753726921232637,4.976776492529211,4.068395841129213,3.412207773536924,2.875341723153202,2.147792470843868,2.608646848765961,3.16826833866779,2.531443717931481,3.287312793238595,3.8957587368800617,3.4031264296117136
1993-04-01,3.107594696052285,7.1,2.96,3.335177181629856,2.9747235904729052,3.1951599806602005,3.2019811234771822,2.923559376223661,3.0727676523496505,3.2272431404850366,2.9487933030643454,3.0283496587252934,3.1083095058389354,2.970156760690923,2.978789075662114,3.1332253360270457,7.0,7.1,7.3,7.4,7.4,7.3,7.6,7.6,7.7,7.8,7.6,7.4,3.07,3.03,3.02,2.92,3.09,3.1,3.22,3.3,3.25,3.76,3.82,3.73,3.817383347945924,4.753726921232637,4.976776492529211,4.068395841129213,3.412207773536924,2.875341723153202,2.147792470843868,2.608646848765961,3.16826833866779,2.531443717931481,3.287312793238595,3.8957587368800617
1993-05-01,3.1703958587932846,7.1,3.0,2.6274500309635407,3.107594696052285,2.9747235904729052,3.1951599806602005,3.2019811234771822,2.923559376223661,3.0727676523496505,3.2272431404850366,2.9487933030643454,3.0283496587252934,3.1083095058389354,2.970156760690923,2.978789075662114,7.1,7.0,7.1,7.3,7.4,7.4,7.3,7.6,7.6,7.7,7.8,7.6,2.96,3.07,3.03,3.02,2.92,3.09,3.1,3.22,3.3,3.25,3.76,3.82,3.335177181629856,3.817383347945924,4.753726921232637,4.976776492529211,4.068395841129213,3.412207773536924,2.875341723153202,2.147792470843868,2.608646848765961,3.16826833866779,2.531443717931481,3.287312793238595
1993-06-01,2.9538012436863603,7.0,3.04,2.801542516318545,3.1703958587932846,3.107594696052285,2.9747235904729052,3.1951599806602005,3.2019811234771822,2.923559376223661,3.0727676523496505,3.2272431404850366,2.9487933030643454,3.0283496587252934,3.1083095058389354,2.970156760690923,7.1,7.1,7.0,7.1,7.3,7.4,7.4,7.3,7.6,7.6,7.7,7.8,3.0,2.96,3.07,3.03,3.02,2.92,3.09,3.1,3.22,3.3,3.25,3.76,2.6274500309635407,3.335177181629856,3.817383347945924,4.753726921232637,4.976776492529211,4.068395841129213,3.412207773536924,2.875341723153202,2.147792470843868,2.608646848765961,3.16826833866779,2.531443717931481
1993-07-01,2.8072018778686036,6.9,3.06,2.1543603587566906,2.9538012436863603,3.1703958587932846,3.107594696052285,2.9747235904729052,3.1951599806602005,3.2019811234771822,2.923559376223661,3.0727676523496505,3.2272431404850366,2.9487933030643454,3.0283496587252934,3.1083095058389354,7.0,7.1,7.1,7.0,7.1,7.3,7.4,7.4,7.3,7.6,7.6,7.7,3.04,3.0,2.96,3.07,3.03,3.02,2.92,3.09,3.1,3.22,3.3,3.25,2.801542516318545,2.6274500309635407,3.335177181629856,3.817383347945924,4.753726921232637,4.976776492529211,4.068395841129213,3.412207773536924,2.875341723153202,2.147792470843868,2.608646848765961,3.16826833866779
1993-08-01,2.8013036227673815,6.8,3.03,2.5944689811367994,2.8072018778686036,2.9538012436863603,3.1703958587932846,3.107594696052285,2.9747235904729052,3.1951599806602005,3.2019811234771822,2.923559376223661,3.0727676523496505,3.2272431404850366,2.9487933030643454,3.0283496587252934,6.9,7.0,7.1,7.1,7.0,7.1,7.3,7.4,7.4,7.3,7.6,7.6,3.06,3.04,3.0,2.96,3.07,3.03,3.02,2.92,3.09,3.1,3.22,3.3,2.1543603587566906,2.801542516318545,2.6274500309635407,3.335177181629856,3.817383347945924,4.753726921232637,4.976776492529211,4.068395841129213,3.412207773536924,2.875341723153202,2.147792470843868,2.608646848765961
1993-09-01,2.7264883561805675,6.7,3.09,2.7943062955201547,2.8013036227673815,2.8072018778686036,2.9538012436863603,3.1703958587932846,3.107594696052285,2.9747235904729052,3.1951599806602005,3.2019811234771822,2.923559376223661,3.0727676523496505,3.2272431404850366,2.9487933030643454,6.8,6.9,7.0,7.1,7.1,7.0,7.1,7.3,7.4,7.4,7.3,7.6,3.03,3.06,3.04,3.0,2.96,3.07,3.03,3.02,2.92,3.09,3.1,3.22,2.5944689811367994,2.1543603587566906,2.801542516318545,2.6274500309635407,3.335177181629856,3.817383347945924,4.753726921232637,4.976776492529211,4.068395841129213,3.412207773536924,2.875341723153202,2.147792470843868
1993-10-01,2.7150989065950704,6.8,2.99,2.851782469270603,2.7264883561805675,2.8013036227673815,2.8072018778686036,2.9538012436863603,3.1703958587932846,3.107594696052285,2.9747235904729052,3.1951599806602005,3.2019811234771822,2.923559376223661,3.0727676523496505,3.2272431404850366,6.7,6.8,6.9,7.0,7.1,7.1,7.0,7.1,7.3,7.4,7.4,7.3,3.09,3.03,3.06,3.04,3.0,2.96,3.07,3.03,3.02,2.92,3.09,3.1,2.7943062955201547,2.5944689811367994,2.1543603587566906,2.801542516318545,2.6274500309635407,3.335177181629856,3.817383347945924,4.753726921232637,4.976776492529211,4.068395841129213,3.412207773536924,2.875341723153202
1993-11-01,2.7075586605281643,6.6,3.02,2.9291785447660423,2.7150989065950704,2.7264883561805675,2.8013036227673815,2.8072018778686036,2.9538012436863603,3.1703958587932846,3.107594696052285,2.9747235904729052,3.1951599806602005,3.2019811234771822,2.923559376223661,3.0727676523496505,6.8,6.7,6.8,6.9,7.0,7.1,7.1,7.0,7.1,7.3,7.4,7.4,2.99,3.09,3.03,3.06,3.04,3.0,2.96,3.07,3.03,3.02,2.92,3.09,2.851782469270603,2.7943062955201547,2.5944689811367994,2.1543603587566906,2.801542516318545,2.6274500309635407,3.335177181629856,3.817383347945924,4.753726921232637,4.976776492529211,4.068395841129213,3.412207773536924
1993-12-01,2.7721802930272155,6.5,2.96,3.3509559928289967,2.7075586605281643,2.7150989065950704,2.7264883561805675,2.8013036227673815,2.8072018778686036,2.9538012436863603,3.1703958587932846,3.107594696052285,2.9747235904729052,3.1951599806602005,3.2019811234771822,2.923559376223661,6.6,6.8,6.7,6.8,6.9,7.0,7.1,7.1,7.0,7.1,7.3,7.4,3.02,2.99,3.09,3.03,3.06,3.04,3.0,2.96,3.07,3.03,3.02,2.92,2.9291785447660423,2.851782469270603,2.7943062955201547,2.5944689811367994,2.1543603587566906,2.801542516318545,2.6274500309635407,3.335177181629856,3.817383347945924,4.753726921232637,4.976776492529211,4.068395841129213
1994-01-01,2.4214258120593968,6.6,3.05,3.255069690797363,2.7721802930272155,2.7075586605281643,2.7150989065950704,2.7264883561805675,2.8013036227673815,2.8072018778686036,2.9538012436863603,3.1703958587932846,3.107594696052285,2.9747235904729052,3.1951599806602005,3.2019811234771822,6.5,6.6,6.8,6.7,6.8,6.9,7.0,7.1,7.1,7.0,7.1,7.3,2.96,3.02,2.99,3.09,3.03,3.06,3.04,3.0,2.96,3.07,3.03,3.02,3.3509559928289967,2.9291785447660423,2.851782469270603,2.7943062955201547,2.5944689811367994,2.1543603587566906,2.801542516318545,2.6274500309635407,3.335177181629856,3.817383347945924,4.753726921232637,4.976776492529211
1994-02-01,2.4845998586530804,6.6,3.25,2.8329034858925795,2.4214258120593968,2.7721802930272155,2.7075586605281643,2.7150989065950704,2.7264883561805675,2.8013036227673815,2.8072018778686036,2.9538012436863603,3.1703958587932846,3.107594696052285,2.9747235904729052,3.1951599806602005,6.6,6.5,6.6,6.8,6.7,6.8,6.9,7.0,7.1,7.1,7.0,7.1,3.05,2.96,3.02,2.99,3.09,3.03,3.06,3.04,3.0,2.96,3.07,3.03,3.255069690797363,3.3509559928289967,2.9291785447660423,2.851782469270603,2.7943062955201547,2.5944689811367994,2.1543603587566906,2.801542516318545,2.6274500309635407,3.335177181629856,3.817383347945924,4.753726921232637
1994-03-01,2.6172292773265937,6.5,3.34,3.9352839197925427,2.4845998586530804,2.4214258120593968,2.7721802930272155,2.7075586605281643,2.7150989065950704,2.7264883561805675,2.8013036227673815,2.8072018778686036,2.9538012436863603,3.1703958587932846,3.107594696052285,2.9747235904729052,6.6,6.6,6.5,6.6,6.8,6.7,6.8,6.9,7.0,7.1,7.1,7.0,3.25,3.05,2.96,3.02,2.99,3.09,3.03,3.06,3.04,3.0,2.96,3.07,2.8329034858925795,3.255069690797363,3.3509559928289967,2.9291785447660423,2.851782469270603,2.7943062955201547,2.5944689811367994,2.1543603587566906,2.801542516318545,2.6274500309635407,3.335177181629856,3.817383347945924
1994-04-01,2.3368761007829697,6.4,3.56,4.250957223694218,2.6172292773265937,2.4845998586530804,2.4214258120593968,2.7721802930272155,2.7075586605281643,2.7150989065950704,2.7264883561805675,2.8013036227673815,2.8072018778686036,2.9538012436863603,3.1703958587932846,3.107594696052285,6.5,6.6,6.6,6.5,6.6,6.8,6.7,6.8,6.9,7.0,7.1,7.1,3.34,3.25,3.05,2.96,3.02,2.99,3.09,3.03,3.06,3.04,3.0,2.96,3.9352839197925427,2.8329034858925795,3.255069690797363,3.3509559928289967,2.9291785447660423,2.851782469270603,2.7943062955201547,2.5944689811367994,2.1543603587566906,2.801542516318545,2.6274500309635407,3.335177181629856
1994-05-01,2.2626950929026,6.1,4.01,5.0891648537369605,2.3368761007829697,2.6172292773265937,2.4845998586530804,2.4214258120593968,2.7721802930272155,2.7075586605281643,2.7150989065950704,2.7264883561805675,2.8013036227673815,2.8072018778686036,2.9538012436863603,3.1703958587932846,6.4,6.5,6.6,6.6,6.5,6.6,6.8,6.7,6.8,6.9,7.0,7.1,3.56,3.34,3.25,3.05,2.96,3.02,2.99,3.09,3.03,3.06,3.04,3.0,4.250957223694218,3.9352839197925427,2.8329034858925795,3.255069690797363,3.3509559928289967,2.9291785447660423,2.851782469270603,2.7943062955201547,2.5944689811367994,2.1543603587566906,2.801542516318545,2.6274500309635407
1994-06-01,2.4641903936928777,6.1,4.25,5.536745087497241,2.2626950929026,2.3368761007829697,2.6172292773265937,2.4845998586530804,2.4214258120593968,2.7721802930272155,2.7075586605281643,2.7150989065950704,2.7264883561805675,2.8013036227673815,2.8072018778686036,2.9538012436863603,6.1,6.4,6.5,6.6,6.6,6.5,6.6,6.8,6.7,6.8,6.9,7.0,4.01,3.56,3.34,3.25,3.05,2.96,3.02,2.99,3.09,3.03,3.06,3.04,5.0891648537369605,4.250957223694218,3.9352839197925427,2.8329034858925795,3.255069690797363,3.3509559928289967,2.9291785447660423,2.851782469270603,2.7943062955201547,2.5944689811367994,2.1543603587566906,2.801542516318545
1994-07-01,2.6631823180792935,6.1,4.26,5.400384005715786,2.4641903936928777,2.2626950929026,2.3368761007829697,2.6172292773265937,2.4845998586530804,2.4214258120593968,2.7721802930272155,2.7075586605281643,2.7150989065950704,2.7264883561805675,2.8013036227673815,2.8072018778686036,6.1,6.1,6.4,6.5,6.6,6.6,6.5,6.6,6.8,6.7,6.8,6.9,4.25,4.01,3.56,3.34,3.25,3.05,2.96,3.02,2.99,3.09,3.03,3.06,5.536745087497241,5.0891648537369605,4.250957223694218,3.9352839197925427,2.8329034858925795,3.255069690797363,3.3509559928289967,2.9291785447660423,2.851782469270603,2.7943062955201547,2.5944689811367994,2.1543603587566906
1994-08-01,2.859282599384283,6.0,4.47,6.18921659229148,2.6631823180792935,2.4641903936928777,2.2626950929026,2.3368761007829697,2.6172292773265937,2.4845998586530804,2.4214258120593968,2.7721802930272155,2.7075586605281643,2.7150989065950704,2.7264883561805675,2.8013036227673815,6.1,6.1,6.1,6.4,6.5,6.6,6.6,6.5,6.6,6.8,6.7,6.8,4.26,4.25,4.01,3.56,3.34,3.25,3.05,2.96,3.02,2.99,3.09,3.03,5.400384005715786,5.536745087497241,5.0891648537369605,4.250957223694218,3.9352839197925427,2.8329034858925795,3.255069690797363,3.3509559928289967,2.9291785447660423,2.851782469270603,2.7943062955201547,2.5944689811367994
1994-09-01,2.9223962124570235,5.9,4.73,5.974122686873162,2.859282599384283,2.6631823180792935,2.4641903936928777,2.2626950929026,2.3368761007829697,2.6172292773265937,2.4845998586530804,2.4214258120593968,2.7721802930272155,2.7075586605281643,2.7150989065950704,2.7264883561805675,6.0,6.1,6.1,6.1,6.4,6.5,6.6,6.6,6.5,6.6,6.8,6.7,4.47,4.26,4.25,4.01,3.56,3.34,3.25,3.05,2.96,3.02,2.99,3.09,6.18921659229148,5.400384005715786,5.536745087497241,5.0891648537369605,4.250957223694218,3.9352839197925427,2.8329034858925795,3.255069690797363,3.3509559928289967,2.9291785447660423,2.851782469270603,2.7943062955201547
1994-10-01,2.5764136936131443,5.8,4.76,6.045050568428678,2.9223962124570235,2.859282599384283,2.6631823180792935,2.4641903936928777,2.2626950929026,2.3368761007829697,2.6172292773265937,2.4845998586530804,2.4214258120593968,2.7721802930272155,2.7075586605281643,2.7150989065950704,5.9,6.0,6.1,6.1,6.1,6.4,6.5,6.6,6.6,6.5,6.6,6.8,4.73,4.47,4.26,4.25,4.01,3.56,3.34,3.25,3.05,2.96,3.02,2.99,5.974122686873162,6.18921659229148,5.400384005715786,5.536745087497241,5.0891648537369605,4.250957223694218,3.9352839197925427,2.8329034858925795,3.255069690797363,3.3509559928289967,2.9291785447660423,2.851782469270603
1994-11-01,2.569444937478327,5.6,5.29,6.270412308772322,2.5764136936131443,2.9223962124570235,2.859282599384283,2.6631823180792935,2.4641903936928777,2.2626950929026,2.3368761007829697,2.6172292773265937,2.4845998586530804,2.4214258120593968,2.7721802930272155,2.7075586605281643,5.8,5.9,6.0,6.1,6.1,6.1,6.4,6.5,6.6,6.6,6.5,6.6,4.76,4.73,4.47,4.26,4.25,4.01,3.56,3.34,3.25,3.05,2.96,3.02,6.045050568428678,5.974122686873162,6.18921659229148,5.400384005715786,5.536745087497241,5.0891648537369605,4.250957223694218,3.9352839197925427,2.8329034858925795,3.255069690797363,3.3509559928289967,2.9291785447660423
1994-12-01,2.5642430613337375,5.5,5.45,6.696527816292619,2.569444937478327,2.5764136936131443,2.9223962124570235,2.859282599384283,2.6631823180792935,2.4641903936928777,2.2626950929026,2.3368761007829697,2.6172292773265937,2.4845998586530804,2.4214258120593968,2.7721802930272155,5.6,5.8,5.9,6.0,6.1,6.1,6.1,6.4,6.5,6.6,6.6,6.5,5.29,4.76,4.73,4.47,4.26,4.25,4.01,3.56,3.34,3.25,3.05,2.96,6.270412308772322,6.045050568428678,5.974122686873162,6.18921659229148,5.400384005715786,5.536745087497241,5.0891648537369605,4.250957223694218,3.9352839197925427,2.8329034858925795,3.255069690797363,3.3509559928289967
1995-01-01,2.8303776162851513,5.6,5.53,6.579213489393609,2.5642430613337375,2.569444937478327,2.5764136936131443,2.9223962124570235,2.859282599384283,2.6631823180792935,2.4641903936928777,2.2626950929026,2.3368761007829697,2.6172292773265937,2.4845998586530804,2.4214258120593968,5.5,5.6,5.8,5.9,6.0,6.1,6.1,6.1,6.4,6.5,6.6,6.6,5.45,5.29,4.76,4.73,4.47,4.26,4.25,4.01,3.56,3.34,3.25,3.05,6.696527816292619,6.270412308772322,6.045050568428678,5.974122686873162,6.18921659229148,5.400384005715786,5.536745087497241,5.0891648537369605,4.250957223694218,3.9352839197925427,2.8329034858925795,3.255069690797363
1995-02-01,2.82276806248678,5.4,5.92,6.40807157586476,2.8303776162851513,2.5642430613337375,2.569444937478327,2.5764136936131443,2.9223962124570235,2.859282599384283,2.6631823180792935,2.4641903936928777,2.2626950929026,2.3368761007829697,2.6172292773265937,2.4845998586530804,5.6,5.5,5.6,5.8,5.9,6.0,6.1,6.1,6.1,6.4,6.5,6.6,5.53,5.45,5.29,4.76,4.73,4.47,4.26,4.25,4.01,3.56,3.34,3.25,6.579213489393609,6.696527816292619,6.270412308772322,6.045050568428678,5.974122686873162,6.18921659229148,5.400384005715786,5.536745087497241,5.0891648537369605,4.250957223694218,3.9352839197925427,2.8329034858925795
1995-03-01,2.749083613804082,5.4,5.98,5.559112631030327,2.82276806248678,2.8303776162851513,2.5642430613337375,2.569444937478327,2.5764136936131443,2.9223962124570235,2.859282599384283,2.6631823180792935,2.4641903936928777,2.2626950929026,2.3368761007829697,2.6172292773265937,5.4,5.6,5.5,5.6,5.8,5.9,6.0,6.1,6.1,6.1,6.4,6.5,5.92,5.53,5.45,5.29,4.76,4.73,4.47,4.26,4.25,4.01,3.56,3.34,6.40807157586476,6.579213489393609,6.696527816292619,6.270412308772322,6.045050568428678,5.974122686873162,6.18921659229148,5.400384005715786,5.536745087497241,5.0891648537369605,4.250957223694218,3.9352839197925427
1995-04-01,3.0771658666753687,5.8,6.05,4.7967262477434325,2.749083613804082,2.82276806248678,2.8303776162851513,2.5642430613337375,2.569444937478327,2.5764136936131443,2.9223962124570235,2.859282599384283,2.6631823180792935,2.4641903936928777,2.2626950929026,2.3368761007829697,5.4,5.4,5.6,5.5,5.6,5.8,5.9,6.0,6.1,6.1,6.1,6.4,5.98,5.92,5.53,5.45,5.29,4.76,4.73,4.47,4.26,4.25,4.01,3.56,5.559112631030327,6.40807157586476,6.579213489393609,6.696527816292619,6.270412308772322,6.045050568428678,5.974122686873162,6.18921659229148,5.400384005715786,5.536745087497241,5.0891648537369605,4.250957223694218
1995-05-01,3.0710023485371885,5.6,6.01,4.8275673504005745,3.0771658666753687,2.749083613804082,2.82276806248678,2.8303776162851513,2.5642430613337375,2.569444937478327,2.5764136936131443,2.9223962124570235,2.859282599384283,2.6631823180792935,2.4641903936928777,2.2626950929026,5.8,5.4,5.4,5.6,5.5,5.6,5.8,5.9,6.0,6.1,6.1,6.1,6.05,5.98,5.92,5.53,5.45,5.29,4.76,4.73,4.47,4.26,4.25,4.01,4.7967262477434325,5.559112631030327,6.40807157586476,6.579213489393609,6.696527816292619,6.270412308772322,6.045050568428678,5.974122686873162,6.18921659229148,5.400384005715786,5.536745087497241,5.0891648537369605
1995-06-01,2.9972273535792127,5.6,6.0,4.485607524907298,3.0710023485371885,3.0771658666753687,2.749083613804082,2.82276806248678,2.8303776162851513,2.5642430613337375,2.569444937478327,2.5764136936131443,2.9223962124570235,2.859282599384283,2.6631823180792935,2.4641903936928777,5.6,5.8,5.4,5.4,5.6,5.5,5.6,5.8,5.9,6.0,6.1,6.1,6.01,6.05,5.98,5.92,5.53,5.45,5.29,4.76,4.73,4.47,4.26,4.25,4.8275673504005745,4.7967262477434325,5.559112631030327,6.40807157586476,6.579213489393609,6.696527816292619,6.270412308772322,6.045050568428678,5.974122686873162,6.18921659229148,5.400384005715786,5.536745087497241
1995-07-01,2.7908788117076533,5.7,5.85,3.933667682946851,2.9972273535792127,3.0710023485371885,3.0771658666753687,2.749083613804082,2.82276806248678,2.8303776162851513,2.5642430613337375,2.569444937478327,2.5764136936131443,2.9223962124570235,2.859282599384283,2.6631823180792935,5.6,5.6,5.8,5.4,5.4,5.6,5.5,5.6,5.8,5.9,6.0,6.1,6.0,6.01,6.05,5.98,5.92,5.53,5.45,5.29,4.76,4.73,4.47,4.26,4.485607524907298,4.8275673504005745,4.7967262477434325,5.559112631030327,6.40807157586476,6.579213489393609,6.696527816292619,6.270412308772322,6.045050568428678,5.974122686873162,6.18921659229148,5.400384005715786
1995-08-01,2.5837806989557066,5.7,5.74,4.582414230899268,2.7908788117076533,2.9972273535792127,3.0710023485371885,3.0771658666753687,2.749083613804082,2.82276806248678,2.8303776162851513,2.5642430613337375,2.569444937478327,2.5764136936131443,2.9223962124570235,2.859282599384283,5.7,5.6,5.6,5.8,5.4,5.4,5.6,5.5,5.6,5.8,5.9,6.0,5.85,6.0,6.01,6.05,5.98,5.92,5.53,5.45,5.29,4.76,4.73,4.47,3.933667682946851,4.485607524907298,4.8275673504005745,4.7967262477434325,5.559112631030327,6.40807157586476,6.579213489393609,6.696527816292619,6.270412308772322,6.045050568428678,5.974122686873162,6.18921659229148
1995-09-01,2.5133598118493694,5.6,5.8,4.670876923491996,2.5837806989557066,2.7908788117076533,2.9972273535792127,3.0710023485371885,3.0771658666753687,2.749083613804082,2.82276806248678,2.8303776162851513,2.5642430613337375,2.569444937478327,2.5764136936131443,2.9223962124570235,5.7,5.7,5.6,5.6,5.8,5.4,5.4,5.6,5.5,5.6,5.8,5.9,5.74,5.85,6.0,6.01,6.05,5.98,5.92,5.53,5.45,5.29,4.76,4.73,4.582414230899268,3.933667682946851,4.485607524907298,4.8275673504005745,4.7967262477434325,5.559112631030327,6.40807157586476,6.579213489393609,6.696527816292619,6.270412308772322,6.045050568428678,5.974122686873162
1995-10-01,2.707329432853456,5.5,5.76,3.6936730586155875,2.5133598118493694,2.5837806989557066,2.7908788117076533,2.9972273535792127,3.0710023485371885,3.0771658666753687,2.749083613804082,2.82276806248678,2.8303776162851513,2.5642430613337375,2.569444937478327,2.5764136936131443,5.6,5.7,5.7,5.6,5.6,5.8,5.4,5.4,5.6,5.5,5.6,5.8,5.8,5.74,5.85,6.0,6.01,6.05,5.98,5.92,5.53,5.45,5.29,4.76,4.670876923491996,4.582414230899268,3.933667682946851,4.485607524907298,4.8275673504005745,4.7967262477434325,5.559112631030327,6.40807157586476,6.579213489393609,6.696527816292619,6.270412308772322,6.045050568428678
1995-11-01,2.570157946143059,5.6,5.8,3.2756113524103014,2.707329432853456,2.5133598118493694,2.5837806989557066,2.7908788117076533,2.9972273535792127,3.0710023485371885,3.0771658666753687,2.749083613804082,2.82276806248678,2.8303776162851513,2.5642430613337375,2.569444937478327,5.5,5.6,5.7,5.7,5.6,5.6,5.8,5.4,5.4,5.6,5.5,5.6,5.76,5.8,5.74,5.85,6.0,6.01,6.05,5.98,5.92,5.53,5.45,5.29,3.6936730586155875,4.670876923491996,4.582414230899268,3.933667682946851,4.485607524907298,4.8275673504005745,4.7967262477434325,5.559112631030327,6.40807157586476,6.579213489393609,6.696527816292619,6.270412308772322
1995-12-01,2.500130220541763,5.6,5.6,2.6054512024954235,2.570157946143059,2.707329432853456,2.5133598118493694,2.5837806989557066,2.7908788117076533,2.9972273535792127,3.0710023485371885,3.0771658666753687,2.749083613804082,2.82276806248678,2.8303776162851513,2.5642430613337375,5.6,5.5,5.6,5.7,5.7,5.6,5.6,5.8,5.4,5.4,5.6,5.5,5.8,5.76,5.8,5.74,5.85,6.0,6.01,6.05,5.98,5.92,5.53,5.45,3.2756113524103014,3.6936730586155875,4.670876923491996,4.582414230899268,3.933667682946851,4.485607524907298,4.8275673504005745,4.7967262477434325,5.559112631030327,6.40807157586476,6.579213489393609,6.696527816292619
1996-01-01,2.7524673390090015,5.6,5.56,1.861389703564864,2.500130220541763,2.570157946143059,2.707329432853456,2.5133598118493694,2.5837806989557066,2.7908788117076533,2.9972273535792127,3.0710023485371885,3.0771658666753687,2.749083613804082,2.82276806248678,2.8303776162851513,5.6,5.6,5.5,5.6,5.7,5.7,5.6,5.6,5.8,5.4,5.4,5.6,5.6,5.8,5.76,5.8,5.74,5.85,6.0,6.01,6.05,5.98,5.92,5.53,2.6054512024954235,3.2756113524103014,3.6936730586155875,4.670876923491996,4.582414230899268,3.933667682946851,4.485607524907298,4.8275673504005745,4.7967262477434325,5.559112631030327,6.40807157586476,6.579213489393609
1996-02-01,2.6807751145443426,5.5,5.22,3.427174426712565,2.7524673390090015,2.500130220541763,2.570157946143059,2.707329432853456,2.5133598118493694,2.5837806989557066,2.7908788117076533,2.9972273535792127,3.0710023485371885,3.0771658666753687,2.749083613804082,2.82276806248678,5.6,5.6,5.6,5.5,5.6,5.7,5.7,5.6,5.6,5.8,5.4,5.4,5.56,5.6,5.8,5.76,5.8,5.74,5.85,6.0,6.01,6.05,5.98,5.92,1.861389703564864,2.6054512024954235,3.2756113524103014,3.6936730586155875,4.670876923491996,4.582414230899268,3.933667682946851,4.485607524907298,4.8275673504005745,4.7967262477434325,5.559112631030327,6.40807157586476
1996-03-01,2.8042267873855664,5.5,5.31,3.1386400479798127,2.6807751145443426,2.7524673390090015,2.500130220541763,2.570157946143059,2.707329432853456,2.5133598118493694,2.5837806989557066,2.7908788117076533,2.9972273535792127,3.0710023485371885,3.0771658666753687,2.749083613804082,5.5,5.6,5.6,5.6,5.5,5.6,5.7,5.7,5.6,5.6,5.8,5.4,5.22,5.56,5.6,5.8,5.76,5.8,5.74,5.85,6.0,6.01,6.05,5.98,3.427174426712565,1.861389703564864,2.6054512024954235,3.2756113524103014,3.6936730586155875,4.670876923491996,4.582414230899268,3.933667682946851,4.485607524907298,4.8275673504005745,4.7967262477434325,5.559112631030327
1996-04-01,2.7932962559856556,5.6,5.22,4.301534453053524,2.8042267873855664,2.6807751145443426,2.7524673390090015,2.500130220541763,2.570157946143059,2.707329432853456,2.5133598118493694,2.5837806989557066,2.7908788117076533,2.9972273535792127,3.0710023485371885,3.0771658666753687,5.5,5.5,5.6,5.6,5.6,5.5,5.6,5.7,5.7,5.6,5.6,5.8,5.31,5.22,5.56,5.6,5.8,5.76,5.8,5.74,5.85,6.0,6.01,6.05,3.1386400479798127,3.427174426712565,1.861389703564864,2.6054512024954235,3.2756113524103014,3.6936730586155875,4.670876923491996,4.582414230899268,3.933667682946851,4.485607524907298,4.8275673504005745,4.7967262477434325
1996-05-01,2.7878628845964037,5.6,5.24,4.556202116834029,2.7932962559856556,2.8042267873855664,2.6807751145443426,2.7524673390090015,2.500130220541763,2.570157946143059,2.707329432853456,2.5133598118493694,2.5837806989557066,2.7908788117076533,2.9972273535792127,3.0710023485371885,5.6,5.5,5.5,5.6,5.6,5.6,5.5,5.6,5.7,5.7,5.6,5.6,5.22,5.31,5.22,5.56,5.6,5.8,5.76,5.8,5.74,5.85,6.0,6.01,4.301534453053524,3.1386400479798127,3.427174426712565,1.861389703564864,2.6054512024954235,3.2756113524103014,3.6936730586155875,4.670876923491996,4.582414230899268,3.933667682946851,4.485607524907298,4.8275673504005745
1996-06-01,2.782450610942888,5.3,5.27,4.984654797732091,2.7878628845964037,2.7932962559856556,2.8042267873855664,2.6807751145443426,2.7524673390090015,2.500130220541763,2.570157946143059,2.707329432853456,2.5133598118493694,2.5837806989557066,2.7908788117076533,2.9972273535792127,5.6,5.6,5.5,5.5,5.6,5.6,5.6,5.5,5.6,5.7,5.7,5.6,5.24,5.22,5.31,5.22,5.56,5.6,5.8,5.76,5.8,5.74,5.85,6.0,4.556202116834029,4.301534453053524,3.1386400479798127,3.427174426712565,1.861389703564864,2.6054512024954235,3.2756113524103014,3.6936730586155875,4.670876923491996,4.582414230899268,3.933667682946851,4.485607524907298
1996-07-01,2.8425686497951297,5.5,5.4,5.419018675313669,2.782450610942888,2.7878628845964037,2.7932962559856556,2.8042267873855664,2.6807751145443426,2.7524673390090015,2.500130220541763,2.570157946143059,2.707329432853456,2.5133598118493694,2.5837806989557066,2.7908788117076533,5.3,5.6,5.6,5.5,5.5,5.6,5.6,5.6,5.5,5.6,5.7,5.7,5.27,5.24,5.22,5.31,5.22,5.56,5.6,5.8,5.76,5.8,5.74,5.85,4.984654797732091,4.556202116834029,4.301534453053524,3.1386400479798127,3.427174426712565,1.861389703564864,2.6054512024954235,3.2756113524103014,3.6936730586155875,4.670876923491996,4.582414230899268,3.933667682946851
1996-08-01,2.7734767060089816,5.1,5.22,4.612609904526099,2.8425686497951297,2.782450610942888,2.7878628845964037,2.7932962559856556,2.8042267873855664,2.6807751145443426,2.7524673390090015,2.500130220541763,2.570157946143059,2.707329432853456,2.5133598118493694,2.5837806989557066,5.5,5.3,5.6,5.6,5.5,5.5,5.6,5.6,5.6,5.5,5.6,5.7,5.4,5.27,5.24,5.22,5.31,5.22,5.56,5.6,5.8,5.76,5.8,5.74,5.419018675313669,4.984654797732091,4.556202116834029,4.301534453053524,3.1386400479798127,3.427174426712565,1.861389703564864,2.6054512024954235,3.2756113524103014,3.6936730586155875,4.670876923491996,4.582414230899268
1996-09-01,2.9603191305354493,5.2,5.3,4.834055497599632,2.7734767060089816,2.8425686497951297,2.782450610942888,2.7878628845964037,2.7932962559856556,2.8042267873855664,2.6807751145443426,2.7524673390090015,2.500130220541763,2.570157946143059,2.707329432853456,2.5133598118493694,5.1,5.5,5.3,5.6,5.6,5.5,5.5,5.6,5.6,5.6,5.5,5.6,5.22,5.4,5.27,5.24,5.22,5.31,5.22,5.56,5.6,5.8,5.76,5.8,4.612609904526099,5.419018675313669,4.984654797732091,4.556202116834029,4.301534453053524,3.1386400479798127,3.427174426712565,1.861389703564864,2.6054512024954235,3.2756113524103014,3.6936730586155875,4.670876923491996
1996-10-01,3.015948830630233,5.2,5.24,5.039575643692018,2.9603191305354493,2.7734767060089816,2.8425686497951297,2.782450610942888,2.7878628845964037,2.7932962559856556,2.8042267873855664,2.6807751145443426,2.7524673390090015,2.500130220541763,2.570157946143059,2.707329432853456,5.2,5.1,5.5,5.3,5.6,5.6,5.5,5.5,5.6,5.6,5.6,5.5,5.3,5.22,5.4,5.27,5.24,5.22,5.31,5.22,5.56,5.6,5.8,5.76,4.834055497599632,4.612609904526099,5.419018675313669,4.984654797732091,4.556202116834029,4.301534453053524,3.1386400479798127,3.427174426712565,1.861389703564864,2.6054512024954235,3.2756113524103014,3.6936730586155875
1996-11-01,3.2012976987813246,5.4,5.31,5.690853571435639,3.015948830630233,2.9603191305354493,2.7734767060089816,2.8425686497951297,2.782450610942888,2.7878628845964037,2.7932962559856556,2.8042267873855664,2.6807751145443426,2.7524673390090015,2.500130220541763,2.570157946143059,5.2,5.2,5.1,5.5,5.3,5.6,5.6,5.5,5.5,5.6,5.6,5.6,5.24,5.3,5.22,5.4,5.27,5.24,5.22,5.31,5.22,5.56,5.6,5.8,5.039575643692018,4.834055497599632,4.612609904526099,5.419018675313669,4.984654797732091,4.556202116834029,4.301534453053524,3.1386400479798127,3.427174426712565,1.861389703564864,2.6054512024954235,3.2756113524103014
1996-12-01,3.322989449890734,5.4,5.29,5.983035938372883,3.2012976987813246,3.015948830630233,2.9603191305354493,2.7734767060089816,2.8425686497951297,2.782450610942888,2.7878628845964037,2.7932962559856556,2.8042267873855664,2.6807751145443426,2.7524673390090015,2.500130220541763,5.4,5.2,5.2,5.1,5.5,5.3,5.6,5.6,5.5,5.5,5.6,5.6,5.31,5.24,5.3,5.22,5.4,5.27,5.24,5.22,5.31,5.22,5.56,5.6,5.690853571435639,5.039575643692018,4.834055497599632,4.612609904526099,5.419018675313669,4.984654797732091,4.556202116834029,4.301534453053524,3.1386400479798127,3.427174426712565,1.861389703564864,2.6054512024954235
1997-01-01,2.99290087770947,5.3,5.25,6.715430854896454,3.322989449890734,3.2012976987813246,3.015948830630233,2.9603191305354493,2.7734767060089816,2.8425686497951297,2.782450610942888,2.7878628845964037,2.7932962559856556,2.8042267873855664,2.6807751145443426,2.7524673390090015,5.4,5.4,5.2,5.2,5.1,5.5,5.3,5.6,5.6,5.5,5.5,5.6,5.29,5.31,5.24,5.3,5.22,5.4,5.27,5.24,5.22,5.31,5.22,5.56,5.983035938372883,5.690853571435639,5.039575643692018,4.834055497599632,4.612609904526099,5.419018675313669,4.984654797732091,4.556202116834029,4.301534453053524,3.1386400479798127,3.427174426712565,1.861389703564864
1997-02-01,2.987193830171986,5.2,5.19,6.449296542209559,2.99290087770947,3.322989449890734,3.2012976987813246,3.015948830630233,2.9603191305354493,2.7734767060089816,2.8425686497951297,2.782450610942888,2.7878628845964037,2.7932962559856556,2.8042267873855664,2.6807751145443426,5.3,5.4,5.4,5.2,5.2,5.1,5.5,5.3,5.6,5.6,5.5,5.5,5.25,5.29,5.31,5.24,5.3,5.22,5.4,5.27,5.24,5.22,5.31,5.22,6.715430854896454,5.983035938372883,5.690853571435639,5.039575643692018,4.834055497599632,4.612609904526099,5.419018675313669,4.984654797732091,4.556202116834029,4.301534453053524,3.1386400479798127,3.427174426712565
1997-03-01,2.727730171288556,5.2,5.39,7.20440882112463,2.987193830171986,2.99290087770947,3.322989449890734,3.2012976987813246,3.015948830630233,2.9603191305354493,2.7734767060089816,2.8425686497951297,2.782450610942888,2.7878628845964037,2.7932962559856556,2.8042267873855664,5.2,5.3,5.4,5.4,5.2,5.2,5.1,5.5,5.3,5.6,5.6,5.5,5.19,5.25,5.29,5.31,5.24,5.3,5.22,5.4,5.27,5.24,5.22,5.31,6.449296542209559,6.715430854896454,5.983035938372883,5.690853571435639,5.039575643692018,4.834055497599632,4.612609904526099,5.419018675313669,4.984654797732091,4.556202116834029,4.301534453053524,3.1386400479798127
1997-04-01,2.4051792318521947,5.1,5.51,6.331438446609372,2.727730171288556,2.987193830171986,2.99290087770947,3.322989449890734,3.2012976987813246,3.015948830630233,2.9603191305354493,2.7734767060089816,2.8425686497951297,2.782450610942888,2.7878628845964037,2.7932962559856556,5.2,5.2,5.3,5.4,5.4,5.2,5.2,5.1,5.5,5.3,5.6,5.6,5.39,5.19,5.25,5.29,5.31,5.24,5.3,5.22,5.4,5.27,5.24,5.22,7.20440882112463,6.449296542209559,6.715430854896454,5.983035938372883,5.690853571435639,5.039575643692018,4.834055497599632,4.612609904526099,5.419018675313669,4.984654797732091,4.556202116834029,4.301534453053524
1997-05-01,2.2131791728697614,4.9,5.5,6.139316182073706,2.4051792318521947,2.727730171288556,2.987193830171986,2.99290087770947,3.322989449890734,3.2012976987813246,3.015948830630233,2.9603191305354493,2.7734767060089816,2.8425686497951297,2.782450610942888,2.7878628845964037,5.1,5.2,5.2,5.3,5.4,5.4,5.2,5.2,5.1,5.5,5.3,5.6,5.51,5.39,5.19,5.25,5.29,5.31,5.24,5.3,5.22,5.4,5.27,5.24,6.331438446609372,7.20440882112463,6.449296542209559,6.715430854896454,5.983035938372883,5.690853571435639,5.039575643692018,4.834055497599632,4.612609904526099,5.419018675313669,4.984654797732091,4.556202116834029
1997-06-01,2.208988527228417,5.0,5.56,5.838522012731673,2.2131791728697614,2.4051792318521947,2.727730171288556,2.987193830171986,2.99290087770947,3.322989449890734,3.2012976987813246,3.015948830630233,2.9603191305354493,2.7734767060089816,2.8425686497951297,2.782450610942888,4.9,5.1,5.2,5.2,5.3,5.4,5.4,5.2,5.2,5.1,5.5,5.3,5.5,5.51,5.39,5.19,5.25,5.29,5.31,5.24,5.3,5.22,5.4,5.27,6.139316182073706,6.331438446609372,7.20440882112463,6.449296542209559,6.715430854896454,5.983035938372883,5.690853571435639,5.039575643692018,4.834055497599632,4.612609904526099,5.419018675313669,4.984654797732091
1997-07-01,2.142489008410653,4.9,5.52,6.673741675131772,2.208988527228417,2.2131791728697614,2.4051792318521947,2.727730171288556,2.987193830171986,2.99290087770947,3.322989449890734,3.2012976987813246,3.015948830630233,2.9603191305354493,2.7734767060089816,2.8425686497951297,5.0,4.9,5.1,5.2,5.2,5.3,5.4,5.4,5.2,5.2,5.1,5.5,5.56,5.5,5.51,5.39,5.19,5.25,5.29,5.31,5.24,5.3,5.22,5.4,5.838522012731673,6.139316182073706,6.331438446609372,7.20440882112463,6.449296542209559,6.715430854896454,5.983035938372883,5.690853571435639,5.039575643692018,4.834055497599632,4.612609904526099,5.419018675313669
1997-08-01,2.2642476749759943,4.8,5.54,7.15871275603277,2.142489008410653,2.208988527228417,2.2131791728697614,2.4051792318521947,2.727730171288556,2.987193830171986,2.99290087770947,3.322989449890734,3.2012976987813246,3.015948830630233,2.9603191305354493,2.7734767060089816,4.9,5.0,4.9,5.1,5.2,5.2,5.3,5.4,5.4,5.2,5.2,5.1,5.52,5.56,5.5,5.51,5.39,5.19,5.25,5.29,5.31,5.24,5.3,5.22,6.673741675131772,5.838522012731673,6.139316182073706,6.331438446609372,7.20440882112463,6.449296542209559,6.715430854896454,5.983035938372883,5.690853571435639,5.039575643692018,4.834055497599632,4.612609904526099
1997-09-01,2.1951336103534835,4.9,5.54,7.4465070898686925,2.2642476749759943,2.142489008410653,2.208988527228417,2.2131791728697614,2.4051792318521947,2.727730171288556,2.987193830171986,2.99290087770947,3.322989449890734,3.2012976987813246,3.015948830630233,2.9603191305354493,4.8,4.9,5.0,4.9,5.1,5.2,5.2,5.3,5.4,5.4,5.2,5.2,5.54,5.52,5.56,5.5,5.51,5.39,5.19,5.25,5.29,5.31,5.24,5.3,7.15871275603277,6.673741675131772,5.838522012731673,6.139316182073706,6.331438446609372,7.20440882112463,6.449296542209559,6.715430854896454,5.983035938372883,5.690853571435639,5.039575643692018,4.834055497599632
1997-10-01,2.0645087329157263,4.7,5.5,8.29968268306649,2.1951336103534835,2.2642476749759943,2.142489008410653,2.208988527228417,2.2131791728697614,2.4051792318521947,2.727730171288556,2.987193830171986,2.99290087770947,3.322989449890734,3.2012976987813246,3.015948830630233,4.9,4.8,4.9,5.0,4.9,5.1,5.2,5.2,5.3,5.4,5.4,5.2,5.54,5.54,5.52,5.56,5.5,5.51,5.39,5.19,5.25,5.29,5.31,5.24,7.4465070898686925,7.15871275603277,6.673741675131772,5.838522012731673,6.139316182073706,6.331438446609372,7.20440882112463,6.449296542209559,6.715430854896454,5.983035938372883,5.690853571435639,5.039575643692018
1997-11-01,1.872713905069734,4.6,5.52,8.169633055362446,2.0645087329157263,2.1951336103534835,2.2642476749759943,2.142489008410653,2.208988527228417,2.2131791728697614,2.4051792318521947,2.727730171288556,2.987193830171986,2.99290087770947,3.322989449890734,3.2012976987813246,4.7,4.9,4.8,4.9,5.0,4.9,5.1,5.2,5.2,5.3,5.4,5.4,5.5,5.54,5.54,5.52,5.56,5.5,5.51,5.39,5.19,5.25,5.29,5.31,8.29968268306649,7.4465070898686925,7.15871275603277,6.673741675131772,5.838522012731673,6.139316182073706,6.331438446609372,7.20440882112463,6.449296542209559,6.715430854896454,5.983035938372883,5.690853571435639
1997-12-01,1.6828069280650837,4.7,5.5,7.9559126044085104,1.872713905069734,2.0645087329157263,2.1951336103534835,2.2642476749759943,2.142489008410653,2.208988527228417,2.2131791728697614,2.4051792318521947,2.727730171288556,2.987193830171986,2.99290087770947,3.322989449890734,4.6,4.7,4.9,4.8,4.9,5.0,4.9,5.1,5.2,5.2,5.3,5.4,5.52,5.5,5.54,5.54,5.52,5.56,5.5,5.51,5.39,5.19,5.25,5.29,8.169633055362446,8.29968268306649,7.4465070898686925,7.15871275603277,6.673741675131772,5.838522012731673,6.139316182073706,6.331438446609372,7.20440882112463,6.449296542209559,6.715430854896454,5.983035938372883
1998-01-01,1.6179568876268924,4.6,5.56,8.23490399461635,1.6828069280650837,1.872713905069734,2.0645087329157263,2.1951336103534835,2.2642476749759943,2.142489008410653,2.208988527228417,2.2131791728697614,2.4051792318521947,2.727730171288556,2.987193830171986,2.99290087770947,4.7,4.6,4.7,4.9,4.8,4.9,5.0,4.9,5.1,5.2,5.2,5.3,5.5,5.52,5.5,5.54,5.54,5.52,5.56,5.5,5.51,5.39,5.19,5.25,7.9559126044085104,8.169633055362446,8.29968268306649,7.4465070898686925,7.15871275603277,6.673741675131772,5.838522012731673,6.139316182073706,6.331438446609372,7.20440882112463,6.449296542209559,6.715430854896454
1998-02-01,1.4299280011417004,4.6,5.51,7.209871276483515,1.6179568876268924,1.6828069280650837,1.872713905069734,2.0645087329157263,2.1951336103534835,2.2642476749759943,2.142489008410653,2.208988527228417,2.2131791728697614,2.4051792318521947,2.727730171288556,2.987193830171986,4.6,4.7,4.6,4.7,4.9,4.8,4.9,5.0,4.9,5.1,5.2,5.2,5.56,5.5,5.52,5.5,5.54,5.54,5.52,5.56,5.5,5.51,5.39,5.19,8.23490399461635,7.9559126044085104,8.169633055362446,8.29968268306649,7.4465070898686925,7.15871275603277,6.673741675131772,5.838522012731673,6.139316182073706,6.331438446609372,7.20440882112463,6.449296542209559
1998-03-01,1.3673301900209545,4.7,5.49,6.612422361685066,1.4299280011417004,1.6179568876268924,1.6828069280650837,1.872713905069734,2.0645087329157263,2.1951336103534835,2.2642476749759943,2.142489008410653,2.208988527228417,2.2131791728697614,2.4051792318521947,2.727730171288556,4.6,4.6,4.7,4.6,4.7,4.9,4.8,4.9,5.0,4.9,5.1,5.2,5.51,5.56,5.5,5.52,5.5,5.54,5.54,5.52,5.56,5.5,5.51,5.39,7.209871276483515,8.23490399461635,7.9559126044085104,8.169633055362446,8.29968268306649,7.4465070898686925,7.15871275603277,6.673741675131772,5.838522012731673,6.139316182073706,6.331438446609372,7.20440882112463
1998-04-01,1.4281521841404299,4.3,5.45,6.837809228209579,1.3673301900209545,1.4299280011417004,1.6179568876268924,1.6828069280650837,1.872713905069734,2.0645087329157263,2.1951336103534835,2.2642476749759943,2.142489008410653,2.208988527228417,2.2131791728697614,2.4051792318521947,4.7,4.6,4.6,4.7,4.6,4.7,4.9,4.8,4.9,5.0,4.9,5.1,5.49,5.51,5.56,5.5,5.52,5.5,5.54,5.54,5.52,5.56,5.5,5.51,6.612422361685066,7.209871276483515,8.23490399461635,7.9559126044085104,8.169633055362446,8.29968268306649,7.4465070898686925,7.15871275603277,6.673741675131772,5.838522012731673,6.139316182073706,6.331438446609372
1998-05-01,1.6744577273802186,4.4,5.49,6.942344383794019,1.4281521841404299,1.3673301900209545,1.4299280011417004,1.6179568876268924,1.6828069280650837,1.872713905069734,2.0645087329157263,2.1951336103534835,2.2642476749759943,2.142489008410653,2.208988527228417,2.2131791728697614,4.3,4.7,4.6,4.6,4.7,4.6,4.7,4.9,4.8,4.9,5.0,4.9,5.45,5.49,5.51,5.56,5.5,5.52,5.5,5.54,5.54,5.52,5.56,5.5,6.837809228209579,6.612422361685066,7.209871276483515,8.23490399461635,7.9559126044085104,8.169633055362446,8.29968268306649,7.4465070898686925,7.15871275603277,6.673741675131772,5.838522012731673,6.139316182073706
1998-06-01,1.6099418934181209,4.5,5.56,5.882135200403127,1.6744577273802186,1.4281521841404299,1.3673301900209545,1.4299280011417004,1.6179568876268924,1.6828069280650837,1.872713905069734,2.0645087329157263,2.1951336103534835,2.2642476749759943,2.142489008410653,2.208988527228417,4.4,4.3,4.7,4.6,4.6,4.7,4.6,4.7,4.9,4.8,4.9,5.0,5.49,5.45,5.49,5.51,5.56,5.5,5.52,5.5,5.54,5.54,5.52,5.56,6.942344383794019,6.837809228209579,6.612422361685066,7.209871276483515,8.23490399461635,7.9559126044085104,8.169633055362446,8.29968268306649,7.4465070898686925,7.15871275603277,6.673741675131772,5.838522012731673
1998-07-01,1.730574709759214,4.5,5.54,4.64624226508068,1.6099418934181209,1.6744577273802186,1.4281521841404299,1.3673301900209545,1.4299280011417004,1.6179568876268924,1.6828069280650837,1.872713905069734,2.0645087329157263,2.1951336103534835,2.2642476749759943,2.142489008410653,4.5,4.4,4.3,4.7,4.6,4.6,4.7,4.6,4.7,4.9,4.8,4.9,5.56,5.49,5.45,5.49,5.51,5.56,5.5,5.52,5.5,5.54,5.54,5.52,5.882135200403127,6.942344383794019,6.837809228209579,6.612422361685066,7.209871276483515,8.23490399461635,7.9559126044085104,8.169633055362446,8.29968268306649,7.4465070898686925,7.15871275603277,6.673741675131772
1998-08-01,1.6039825681036568,4.5,5.55,5.699937761549911,1.730574709759214,1.6099418934181209,1.6744577273802186,1.4281521841404299,1.3673301900209545,1.4299280011417004,1.6179568876268924,1.6828069280650837,1.872713905069734,2.0645087329157263,2.1951336103534835,2.2642476749759943,4.5,4.5,4.4,4.3,4.7,4.6,4.6,4.7,4.6,4.7,4.9,4.8,5.54,5.56,5.49,5.45,5.49,5.51,5.56,5.5,5.52,5.5,5.54,5.54,4.64624226508068,5.882135200403127,6.942344383794019,6.837809228209579,6.612422361685066,7.209871276483515,8.23490399461635,7.9559126044085104,8.169633055362446,8.29968268306649,7.4465070898686925,7.15871275603277
1998-09-01,1.4167160264780598,4.6,5.51,4.734947424396463,1.6039825681036568,1.730574709759214,1.6099418934181209,1.6744577273802186,1.4281521841404299,1.3673301900209545,1.4299280011417004,1.6179568876268924,1.6828069280650837,1.872713905069734,2.0645087329157263,2.1951336103534835,4.5,4.5,4.5,4.4,4.3,4.7,4.6,4.6,4.7,4.6,4.7,4.9,5.55,5.54,5.56,5.49,5.45,5.49,5.51,5.56,5.5,5.52,5.5,5.54,5.699937761549911,4.64624226508068,5.882135200403127,6.942344383794019,6.837809228209579,6.612422361685066,7.209871276483515,8.23490399461635,7.9559126044085104,8.169633055362446,8.29968268306649,7.4465070898686925
1998-10-01,1.4751343087072932,4.5,5.07,4.5334623356819925,1.4167160264780598,1.6039825681036568,1.730574709759214,1.6099418934181209,1.6744577273802186,1.4281521841404299,1.3673301900209545,1.4299280011417004,1.6179568876268924,1.6828069280650837,1.872713905069734,2.0645087329157263,4.6,4.5,4.5,4.5,4.4,4.3,4.7,4.6,4.6,4.7,4.6,4.7,5.51,5.55,5.54,5.56,5.49,5.45,5.49,5.51,5.56,5.5,5.52,5.5,4.734947424396463,5.699937761549911,4.64624226508068,5.882135200403127,6.942344383794019,6.837809228209579,6.612422361685066,7.209871276483515,8.23490399461635,7.9559126044085104,8.169633055362446,8.29968268306649
1998-11-01,1.4733231512984446,4.4,4.83,3.673190729725917,1.4751343087072932,1.4167160264780598,1.6039825681036568,1.730574709759214,1.6099418934181209,1.6744577273802186,1.4281521841404299,1.3673301900209545,1.4299280011417004,1.6179568876268924,1.6828069280650837,1.872713905069734,4.5,4.6,4.5,4.5,4.5,4.4,4.3,4.7,4.6,4.6,4.7,4.6,5.07,5.51,5.55,5.54,5.56,5.49,5.45,5.49,5.51,5.56,5.5,5.52,4.5334623356819925,4.734947424396463,5.699937761549911,4.64624226508068,5.882135200403127,6.942344383794019,6.837809228209579,6.612422361685066,7.209871276483515,8.23490399461635,7.9559126044085104,8.169633055362446
1998-12-01,1.5941477997688303,4.4,4.68,3.7002613307793197,1.4733231512984446,1.4751343087072932,1.4167160264780598,1.6039825681036568,1.730574709759214,1.6099418934181209,1.6744577273802186,1.4281521841404299,1.3673301900209545,1.4299280011417004,1.6179568876268924,1.6828069280650837,4.4,4.5,4.6,4.5,4.5,4.5,4.4,4.3,4.7,4.6,4.6,4.7,4.83,5.07,5.51,5.55,5.54,5.56,5.49,5.45,5.49,5.51,5.56,5.5,3.673190729725917,4.5334623356819925,4.734947424396463,5.699937761549911,4.64624226508068,5.882135200403127,6.942344383794019,6.837809228209579,6.612422361685066,7.209871276483515,8.23490399461635,7.9559126044085104
1999-01-01,1.652930195121094,4.3,4.63,3.6940074136825096,1.5941477997688303,1.4733231512984446,1.4751343087072932,1.4167160264780598,1.6039825681036568,1.730574709759214,1.6099418934181209,1.6744577273802186,1.4281521841404299,1.3673301900209545,1.4299280011417004,1.6179568876268924,4.4,4.4,4.5,4.6,4.5,4.5,4.5,4.4,4.3,4.7,4.6,4.6,4.68,4.83,5.07,5.51,5.55,5.54,5.56,5.49,5.45,5.49,5.51,5.56,3.7002613307793197,3.673190729725917,4.5334623356819925,4.734947424396463,5.699937761549911,4.64624226508068,5.882135200403127,6.942344383794019,6.837809228209579,6.612422361685066,7.209871276483515,8.23490399461635
1999-02-01,1.652930195121094,4.4,4.76,4.138566416890477,1.652930195121094,1.5941477997688303,1.4733231512984446,1.4751343087072932,1.4167160264780598,1.6039825681036568,1.730574709759214,1.6099418934181209,1.6744577273802186,1.4281521841404299,1.3673301900209545,1.4299280011417004,4.3,4.4,4.4,4.5,4.6,4.5,4.5,4.5,4.4,4.3,4.7,4.6,4.63,4.68,4.83,5.07,5.51,5.55,5.54,5.56,5.49,5.45,5.49,5.51,3.6940074136825096,3.7002613307793197,3.673190729725917,4.5334623356819925,4.734947424396463,5.699937761549911,4.64624226508068,5.882135200403127,6.942344383794019,6.837809228209579,6.612422361685066,7.209871276483515
1999-03-01,1.713628224298791,4.2,4.81,4.330012584622445,1.652930195121094,1.652930195121094,1.5941477997688303,1.4733231512984446,1.4751343087072932,1.4167160264780598,1.6039825681036568,1.730574709759214,1.6099418934181209,1.6744577273802186,1.4281521841404299,1.3673301900209545,4.4,4.3,4.4,4.4,4.5,4.6,4.5,4.5,4.5,4.4,4.3,4.7,4.76,4.63,4.68,4.83,5.07,5.51,5.55,5.54,5.56,5.49,5.45,5.49,4.138566416890477,3.6940074136825096,3.7002613307793197,3.673190729725917,4.5334623356819925,4.734947424396463,5.699937761549911,4.64624226508068,5.882135200403127,6.942344383794019,6.837809228209579,6.612422361685066
1999-04-01,2.255505551508641,4.3,4.74,4.217072875711736,1.713628224298791,1.652930195121094,1.652930195121094,1.5941477997688303,1.4733231512984446,1.4751343087072932,1.4167160264780598,1.6039825681036568,1.730574709759214,1.6099418934181209,1.6744577273802186,1.4281521841404299,4.2,4.4,4.3,4.4,4.4,4.5,4.6,4.5,4.5,4.5,4.4,4.3,4.81,4.76,4.63,4.68,4.83,5.07,5.51,5.55,5.54,5.56,5.49,5.45,4.330012584622445,4.138566416890477,3.6940074136825096,3.7002613307793197,3.673190729725917,4.5334623356819925,4.734947424396463,5.699937761549911,4.64624226508068,5.882135200403127,6.942344383794019,6.837809228209579
1999-05-01,2.0694591242833127,4.2,4.74,4.190366348209107,2.255505551508641,1.713628224298791,1.652930195121094,1.652930195121094,1.5941477997688303,1.4733231512984446,1.4751343087072932,1.4167160264780598,1.6039825681036568,1.730574709759214,1.6099418934181209,1.6744577273802186,4.3,4.2,4.4,4.3,4.4,4.4,4.5,4.6,4.5,4.5,4.5,4.4,4.74,4.81,4.76,4.63,4.68,4.83,5.07,5.51,5.55,5.54,5.56,5.49,4.217072875711736,4.330012584622445,4.138566416890477,3.6940074136825096,3.7002613307793197,3.673190729725917,4.5334623356819925,4.734947424396463,5.699937761549911,4.64624226508068,5.882135200403127,6.942344383794019
1999-06-01,1.9465334788103306,4.3,4.76,4.713564085622757,2.0694591242833127,2.255505551508641,1.713628224298791,1.652930195121094,1.652930195121094,1.5941477997688303,1.4733231512984446,1.4751343087072932,1.4167160264780598,1.6039825681036568,1.730574709759214,1.6099418934181209,4.2,4.3,4.2,4.4,4.3,4.4,4.4,4.5,4.6,4.5,4.5,4.5,4.74,4.74,4.81,4.76,4.63,4.68,4.83,5.07,5.51,5.55,5.54,5.56,4.190366348209107,4.217072875711736,4.330012584622445,4.138566416890477,3.6940074136825096,3.7002613307793197,3.673190729725917,4.5334623356819925,4.734947424396463,5.699937761549911,4.64624226508068,5.882135200403127
1999-07-01,2.1219347226741903,4.3,4.99,5.675812986775242,1.9465334788103306,2.0694591242833127,2.255505551508641,1.713628224298791,1.652930195121094,1.652930195121094,1.5941477997688303,1.4733231512984446,1.4751343087072932,1.4167160264780598,1.6039825681036568,1.730574709759214,4.3,4.2,4.3,4.2,4.4,4.3,4.4,4.4,4.5,4.6,4.5,4.5,4.76,4.74,4.74,4.81,4.76,4.63,4.68,4.83,5.07,5.51,5.55,5.54,4.713564085622757,4.190366348209107,4.217072875711736,4.330012584622445,4.138566416890477,3.6940074136825096,3.7002613307793197,3.673190729725917,4.5334623356819925,4.734947424396463,5.699937761549911,4.64624226508068
1999-08-01,2.239125317544577,4.2,5.07,4.027347197309972,2.1219347226741903,1.9465334788103306,2.0694591242833127,2.255505551508641,1.713628224298791,1.652930195121094,1.652930195121094,1.5941477997688303,1.4733231512984446,1.4751343087072932,1.4167160264780598,1.6039825681036568,4.3,4.3,4.2,4.3,4.2,4.4,4.3,4.4,4.4,4.5,4.6,4.5,4.99,4.76,4.74,4.74,4.81,4.76,4.63,4.68,4.83,5.07,5.51,5.55,5.675812986775242,4.713564085622757,4.190366348209107,4.217072875711736,4.330012584622445,4.138566416890477,3.6940074136825096,3.7002613307793197,3.673190729725917,4.5334623356819925,4.734947424396463,5.699937761549911
1999-09-01,2.59598036957982,4.2,5.22,3.6760538842607993,2.239125317544577,2.1219347226741903,1.9465334788103306,2.0694591242833127,2.255505551508641,1.713628224298791,1.652930195121094,1.652930195121094,1.5941477997688303,1.4733231512984446,1.4751343087072932,1.4167160264780598,4.2,4.3,4.3,4.2,4.3,4.2,4.4,4.3,4.4,4.4,4.5,4.6,5.07,4.99,4.76,4.74,4.74,4.81,4.76,4.63,4.68,4.83,5.07,5.51,4.027347197309972,5.675812986775242,4.713564085622757,4.190366348209107,4.217072875711736,4.330012584622445,4.138566416890477,3.6940074136825096,3.7002613307793197,3.673190729725917,4.5334623356819925,4.734947424396463
1999-10-01,2.5302554664786037,4.1,5.2,4.209642364655597,2.59598036957982,2.239125317544577,2.1219347226741903,1.9465334788103306,2.0694591242833127,2.255505551508641,1.713628224298791,1.652930195121094,1.652930195121094,1.5941477997688303,1.4733231512984446,1.4751343087072932,4.2,4.2,4.3,4.3,4.2,4.3,4.2,4.4,4.3,4.4,4.4,4.5,5.22,5.07,4.99,4.76,4.74,4.74,4.81,4.76,4.63,4.68,4.83,5.07,3.6760538842607993,4.027347197309972,5.675812986775242,4.713564085622757,4.190366348209107,4.217072875711736,4.330012584622445,4.138566416890477,3.6940074136825096,3.7002613307793197,3.673190729725917,4.5334623356819925
1999-11-01,2.586610371218079,4.1,5.42,4.7690526912512965,2.5302554664786037,2.59598036957982,2.239125317544577,2.1219347226741903,1.9465334788103306,2.0694591242833127,2.255505551508641,1.713628224298791,1.652930195121094,1.652930195121094,1.5941477997688303,1.4733231512984446,4.1,4.2,4.2,4.3,4.3,4.2,4.3,4.2,4.4,4.3,4.4,4.4,5.2,5.22,5.07,4.99,4.76,4.74,4.74,4.81,4.76,4.63,4.68,4.83,4.209642364655597,3.6760538842607993,4.027347197309972,5.675812986775242,4.713564085622757,4.190366348209107,4.217072875711736,4.330012584622445,4.138566416890477,3.6940074136825096,3.7002613307793197,3.673190729725917
1999-12-01,2.6412099539776968,4.0,5.3,5.085391115420901,2.586610371218079,2.5302554664786037,2.59598036957982,2.239125317544577,2.1219347226741903,1.9465334788103306,2.0694591242833127,2.255505551508641,1.713628224298791,1.652930195121094,1.652930195121094,1.5941477997688303,4.1,4.1,4.2,4.2,4.3,4.3,4.2,4.3,4.2,4.4,4.3,4.4,5.42,5.2,5.22,5.07,4.99,4.76,4.74,4.74,4.81,4.76,4.63,4.68,4.7690526912512965,4.209642364655597,3.6760538842607993,4.027347197309972,5.675812986775242,4.713564085622757,4.190366348209107,4.217072875711736,4.330012584622445,4.138566416890477,3.6940074136825096,3.7002613307793197
2000-01-01,2.7546651955494994,4.0,5.45,4.517368066391647,2.6412099539776968,2.586610371218079,2.5302554664786037,2.59598036957982,2.239125317544577,2.1219347226741903,1.9465334788103306,2.0694591242833127,2.255505551508641,1.713628224298791,1.652930195121094,1.652930195121094,4.0,4.1,4.1,4.2,4.2,4.3,4.3,4.2,4.3,4.2,4.4,4.3,5.3,5.42,5.2,5.22,5.07,4.99,4.76,4.74,4.74,4.81,4.76,4.63,5.085391115420901,4.7690526912512965,4.209642364655597,3.6760538842607993,4.027347197309972,5.675812986775242,4.713564085622757,4.190366348209107,4.217072875711736,4.330012584622445,4.138566416890477,3.6940074136825096
2000-02-01,3.167279986666749,4.1,5.73,4.22290267245593,2.7546651955494994,2.6412099539776968,2.586610371218079,2.5302554664786037,2.59598036957982,2.239125317544577,2.1219347226741903,1.9465334788103306,2.0694591242833127,2.255505551508641,1.713628224298791,1.652930195121094,4.0,4.0,4.1,4.1,4.2,4.2,4.3,4.3,4.2,4.3,4.2,4.4,5.45,5.3,5.42,5.2,5.22,5.07,4.99,4.76,4.74,4.74,4.81,4.76,4.517368066391647,5.085391115420901,4.7690526912512965,4.209642364655597,3.6760538842607993,4.027347197309972,5.675812986775242,4.713564085622757,4.190366348209107,4.217072875711736,4.330012584622445,4.138566416890477
2000-03-01,3.6930939027288723,4.0,5.85,4.351238656479328,3.167279986666749,2.7546651955494994,2.6412099539776968,2.586610371218079,2.5302554664786037,2.59598036957982,2.239125317544577,2.1219347226741903,1.9465334788103306,2.0694591242833127,2.255505551508641,1.713628224298791,4.1,4.0,4.0,4.1,4.1,4.2,4.2,4.3,4.3,4.2,4.3,4.2,5.73,5.45,5.3,5.42,5.2,5.22,5.07,4.99,4.76,4.74,4.74,4.81,4.22290267245593,4.517368066391647,5.085391115420901,4.7690526912512965,4.209642364655597,3.6760538842607993,4.027347197309972,5.675812986775242,4.713564085622757,4.190366348209107,4.217072875711736,4.330012584622445
2000-04-01,2.969339292514661,3.8,6.02,4.715098188433409,3.6930939027288723,3.167279986666749,2.7546651955494994,2.6412099539776968,2.586610371218079,2.5302554664786037,2.59598036957982,2.239125317544577,2.1219347226741903,1.9465334788103306,2.0694591242833127,2.255505551508641,4.0,4.1,4.0,4.0,4.1,4.1,4.2,4.2,4.3,4.3,4.2,4.3,5.85,5.73,5.45,5.3,5.42,5.2,5.22,5.07,4.99,4.76,4.74,4.74,4.351238656479328,4.22290267245593,4.517368066391647,5.085391115420901,4.7690526912512965,4.209642364655597,3.6760538842607993,4.027347197309972,5.675812986775242,4.713564085622757,4.190366348209107,4.217072875711736
2000-05-01,3.0844675351097806,4.0,6.27,4.355236667935536,2.969339292514661,3.6930939027288723,3.167279986666749,2.7546651955494994,2.6412099539776968,2.586610371218079,2.5302554664786037,2.59598036957982,2.239125317544577,2.1219347226741903,1.9465334788103306,2.0694591242833127,3.8,4.0,4.1,4.0,4.0,4.1,4.1,4.2,4.2,4.3,4.3,4.2,6.02,5.85,5.73,5.45,5.3,5.42,5.2,5.22,5.07,4.99,4.76,4.74,4.715098188433409,4.351238656479328,4.22290267245593,4.517368066391647,5.085391115420901,4.7690526912512965,4.209642364655597,3.6760538842607993,4.027347197309972,5.675812986775242,4.713564085622757,4.190366348209107
2000-06-01,3.6668803637086356,4.0,6.53,4.472750131774639,3.0844675351097806,2.969339292514661,3.6930939027288723,3.167279986666749,2.7546651955494994,2.6412099539776968,2.586610371218079,2.5302554664786037,2.59598036957982,2.239125317544577,2.1219347226741903,1.9465334788103306,4.0,3.8,4.0,4.1,4.0,4.0,4.1,4.1,4.2,4.2,4.3,4.3,6.27,6.02,5.85,5.73,5.45,5.3,5.42,5.2,5.22,5.07,4.99,4.76,4.355236667935536,4.715098188433409,4.351238656479328,4.22290267245593,4.517368066391647,5.085391115420901,4.7690526912512965,4.209642364655597,3.6760538842607993,4.027347197309972,5.675812986775242,4.713564085622757
2000-07-01,3.5360195395884197,4.0,6.54,3.7005266546146665,3.6668803637086356,3.0844675351097806,2.969339292514661,3.6930939027288723,3.167279986666749,2.7546651955494994,2.6412099539776968,2.586610371218079,2.5302554664786037,2.59598036957982,2.239125317544577,2.1219347226741903,4.0,4.0,3.8,4.0,4.1,4.0,4.0,4.1,4.1,4.2,4.2,4.3,6.53,6.27,6.02,5.85,5.73,5.45,5.3,5.42,5.2,5.22,5.07,4.99,4.472750131774639,4.355236667935536,4.715098188433409,4.351238656479328,4.22290267245593,4.517368066391647,5.085391115420901,4.7690526912512965,4.209642364655597,3.6760538842607993,4.027347197309972,5.675812986775242
2000-08-01,3.296354955128411,4.1,6.5,3.027138998976664,3.5360195395884197,3.6668803637086356,3.0844675351097806,2.969339292514661,3.6930939027288723,3.167279986666749,2.7546651955494994,2.6412099539776968,2.586610371218079,2.5302554664786037,2.59598036957982,2.239125317544577,4.0,4.0,4.0,3.8,4.0,4.1,4.0,4.0,4.1,4.1,4.2,4.2,6.54,6.53,6.27,6.02,5.85,5.73,5.45,5.3,5.42,5.2,5.22,5.07,3.7005266546146665,4.472750131774639,4.355236667935536,4.715098188433409,4.351238656479328,4.22290267245593,4.517368066391647,5.085391115420901,4.7690526912512965,4.209642364655597,3.6760538842607993,4.027347197309972
2000-09-01,3.398100819314376,3.9,6.52,3.892073406009988,3.296354955128411,3.5360195395884197,3.6668803637086356,3.0844675351097806,2.969339292514661,3.6930939027288723,3.167279986666749,2.7546651955494994,2.6412099539776968,2.586610371218079,2.5302554664786037,2.59598036957982,4.1,4.0,4.0,4.0,3.8,4.0,4.1,4.0,4.0,4.1,4.1,4.2,6.5,6.54,6.53,6.27,6.02,5.85,5.73,5.45,5.3,5.42,5.2,5.22,3.027138998976664,3.7005266546146665,4.472750131774639,4.355236667935536,4.715098188433409,4.351238656479328,4.22290267245593,4.517368066391647,5.085391115420901,4.7690526912512965,4.209642364655597,3.6760538842607993
2000-10-01,3.3921380945667323,3.9,6.51,2.28784654435934,3.398100819314376,3.296354955128411,3.5360195395884197,3.6668803637086356,3.0844675351097806,2.969339292514661,3.6930939027288723,3.167279986666749,2.7546651955494994,2.6412099539776968,2.586610371218079,2.5302554664786037,3.9,4.1,4.0,4.0,4.0,3.8,4.0,4.1,4.0,4.0,4.1,4.1,6.52,6.5,6.54,6.53,6.27,6.02,5.85,5.73,5.45,5.3,5.42,5.2,3.892073406009988,3.027138998976664,3.7005266546146665,4.472750131774639,4.355236667935536,4.715098188433409,4.351238656479328,4.22290267245593,4.517368066391647,5.085391115420901,4.7690526912512965,4.209642364655597
2000-11-01,3.3861962610176377,3.9,6.51,1.832239381701406,3.3921380945667323,3.398100819314376,3.296354955128411,3.5360195395884197,3.6668803637086356,3.0844675351097806,2.969339292514661,3.6930939027288723,3.167279986666749,2.7546651955494994,2.6412099539776968,2.586610371218079,3.9,3.9,4.1,4.0,4.0,4.0,3.8,4.0,4.1,4.0,4.0,4.1,6.51,6.52,6.5,6.54,6.53,6.27,6.02,5.85,5.73,5.45,5.3,5.42,2.28784654435934,3.892073406009988,3.027138998976664,3.7005266546146665,4.472750131774639,4.355236667935536,4.715098188433409,4.351238656479328,4.22290267245593,4.517368066391647,5.085391115420901,4.7690526912512965
2000-12-01,3.3783061243644497,3.9,6.4,0.7370489261560031,3.3861962610176377,3.3921380945667323,3.398100819314376,3.296354955128411,3.5360195395884197,3.6668803637086356,3.0844675351097806,2.969339292514661,3.6930939027288723,3.167279986666749,2.7546651955494994,2.6412099539776968,3.9,3.9,3.9,4.1,4.0,4.0,4.0,3.8,4.0,4.1,4.0,4.0,6.51,6.51,6.52,6.5,6.54,6.53,6.27,6.02,5.85,5.73,5.45,5.3,1.832239381701406,2.28784654435934,3.892073406009988,3.027138998976664,3.7005266546146665,4.472750131774639,4.355236667935536,4.715098188433409,4.351238656479328,4.22290267245593,4.517368066391647,5.085391115420901
2001-01-01,3.6536392061926826,4.2,5.98,0.3968605295950667,3.3783061243644497,3.3861962610176377,3.3921380945667323,3.398100819314376,3.296354955128411,3.5360195395884197,3.6668803637086356,3.0844675351097806,2.969339292514661,3.6930939027288723,3.167279986666749,2.7546651955494994,3.9,3.9,3.9,3.9,4.1,4.0,4.0,4.0,3.8,4.0,4.1,4.0,6.4,6.51,6.51,6.52,6.5,6.54,6.53,6.27,6.02,5.85,5.73,5.45,0.7370489261560031,1.832239381701406,2.28784654435934,3.892073406009988,3.027138998976664,3.7005266546146665,4.472750131774639,4.355236667935536,4.715098188433409,4.351238656479328,4.22290267245593,4.517368066391647
2001-02-01,3.4685557987889304,4.2,5.49,-0.5684585549410315,3.6536392061926826,3.3783061243644497,3.3861962610176377,3.3921380945667323,3.398100819314376,3.296354955128411,3.5360195395884197,3.6668803637086356,3.0844675351097806,2.969339292514661,3.6930939027288723,3.167279986666749,4.2,3.9,3.9,3.9,3.9,4.1,4.0,4.0,4.0,3.8,4.0,4.1,5.98,6.4,6.51,6.51,6.52,6.5,6.54,6.53,6.27,6.02,5.85,5.73,0.3968605295950667,0.7370489261560031,1.832239381701406,2.28784654435934,3.892073406009988,3.027138998976664,3.7005266546146665,4.472750131774639,4.355236667935536,4.715098188433409,4.351238656479328,4.22290267245593
2001-03-01,2.938845899949971,4.3,5.31,-1.1286409834331934,3.4685557987889304,3.6536392061926826,3.3783061243644497,3.3861962610176377,3.3921380945667323,3.398100819314376,3.296354955128411,3.5360195395884197,3.6668803637086356,3.0844675351097806,2.969339292514661,3.6930939027288723,4.2,4.2,3.9,3.9,3.9,3.9,4.1,4.0,4.0,4.0,3.8,4.0,5.49,5.98,6.4,6.51,6.51,6.52,6.5,6.54,6.53,6.27,6.02,5.85,-0.5684585549410315,0.3968605295950667,0.7370489261560031,1.832239381701406,2.28784654435934,3.892073406009988,3.027138998976664,3.7005266546146665,4.472750131774639,4.355236667935536,4.715098188433409,4.351238656479328
2001-04-01,3.1675553451145255,4.4,4.8,-2.081737191771804,2.938845899949971,3.4685557987889304,3.6536392061926826,3.3783061243644497,3.3861962610176377,3.3921380945667323,3.398100819314376,3.296354955128411,3.5360195395884197,3.6668803637086356,3.0844675351097806,2.969339292514661,4.3,4.2,4.2,3.9,3.9,3.9,3.9,4.1,4.0,4.0,4.0,3.8,5.31,5.49,5.98,6.4,6.51,6.51,6.52,6.5,6.54,6.53,6.27,6.02,-1.1286409834331934,-0.5684585549410315,0.3968605295950667,0.7370489261560031,1.832239381701406,2.28784654435934,3.892073406009988,3.027138998976664,3.7005266546146665,4.472750131774639,4.355236667935536,4.715098188433409
2001-05-01,3.5010749372521133,4.3,4.21,-2.8308748756755264,3.1675553451145255,2.938845899949971,3.4685557987889304,3.6536392061926826,3.3783061243644497,3.3861962610176377,3.3921380945667323,3.398100819314376,3.296354955128411,3.5360195395884197,3.6668803637086356,3.0844675351097806,4.4,4.3,4.2,4.2,3.9,3.9,3.9,3.9,4.1,4.0,4.0,4.0,4.8,5.31,5.49,5.98,6.4,6.51,6.51,6.52,6.5,6.54,6.53,6.27,-2.081737191771804,-1.1286409834331934,-0.5684585549410315,0.3968605295950667,0.7370489261560031,1.832239381701406,2.28784654435934,3.892073406009988,3.027138998976664,3.7005266546146665,4.472750131774639,4.355236667935536
2001-06-01,3.1440143166975965,4.5,3.97,-3.399344940047566,3.5010749372521133,3.1675553451145255,2.938845899949971,3.4685557987889304,3.6536392061926826,3.3783061243644497,3.3861962610176377,3.3921380945667323,3.398100819314376,3.296354955128411,3.5360195395884197,3.6668803637086356,4.3,4.4,4.3,4.2,4.2,3.9,3.9,3.9,3.9,4.1,4.0,4.0,4.21,4.8,5.31,5.49,5.98,6.4,6.51,6.51,6.52,6.5,6.54,6.53,-2.8308748756755264,-2.081737191771804,-1.1286409834331934,-0.5684585549410315,0.3968605295950667,0.7370489261560031,1.832239381701406,2.28784654435934,3.892073406009988,3.027138998976664,3.7005266546146665,4.472750131774639
2001-07-01,2.6851084722846252,4.6,3.77,-3.8465520218339933,3.1440143166975965,3.5010749372521133,3.1675553451145255,2.938845899949971,3.4685557987889304,3.6536392061926826,3.3783061243644497,3.3861962610176377,3.3921380945667323,3.398100819314376,3.296354955128411,3.5360195395884197,4.5,4.3,4.4,4.3,4.2,4.2,3.9,3.9,3.9,3.9,4.1,4.0,3.97,4.21,4.8,5.31,5.49,5.98,6.4,6.51,6.51,6.52,6.5,6.54,-3.399344940047566,-2.8308748756755264,-2.081737191771804,-1.1286409834331934,-0.5684585549410315,0.3968605295950667,0.7370489261560031,1.832239381701406,2.28784654435934,3.892073406009988,3.027138998976664,3.7005266546146665
2001-08-01,2.6851084722846252,4.9,3.65,-3.688732639067549,2.6851084722846252,3.1440143166975965,3.5010749372521133,3.1675553451145255,2.938845899949971,3.4685557987889304,3.6536392061926826,3.3783061243644497,3.3861962610176377,3.3921380945667323,3.398100819314376,3.296354955128411,4.6,4.5,4.3,4.4,4.3,4.2,4.2,3.9,3.9,3.9,3.9,4.1,3.77,3.97,4.21,4.8,5.31,5.49,5.98,6.4,6.51,6.51,6.52,6.5,-3.8465520218339933,-3.399344940047566,-2.8308748756755264,-2.081737191771804,-1.1286409834331934,-0.5684585549410315,0.3968605295950667,0.7370489261560031,1.832239381701406,2.28784654435934,3.892073406009988,3.027138998976664
2001-09-01,2.559138806936634,5.0,3.07,-4.656928542032013,2.6851084722846252,2.6851084722846252,3.1440143166975965,3.5010749372521133,3.1675553451145255,2.938845899949971,3.4685557987889304,3.6536392061926826,3.3783061243644497,3.3861962610176377,3.3921380945667323,3.398100819314376,4.9,4.6,4.5,4.3,4.4,4.3,4.2,4.2,3.9,3.9,3.9,3.9,3.65,3.77,3.97,4.21,4.8,5.31,5.49,5.98,6.4,6.51,6.51,6.52,-3.688732639067549,-3.8465520218339933,-3.399344940047566,-2.8308748756755264,-2.081737191771804,-1.1286409834331934,-0.5684585549410315,0.3968605295950667,0.7370489261560031,1.832239381701406,2.28784654435934,3.892073406009988
2001-10-01,2.1053409197832273,5.3,2.49,-4.542112015695476,2.559138806936634,2.6851084722846252,2.6851084722846252,3.1440143166975965,3.5010749372521133,3.1675553451145255,2.938845899949971,3.4685557987889304,3.6536392061926826,3.3783061243644497,3.3861962610176377,3.3921380945667323,5.0,4.9,4.6,4.5,4.3,4.4,4.3,4.2,4.2,3.9,3.9,3.9,3.07,3.65,3.77,3.97,4.21,4.8,5.31,5.49,5.98,6.4,6.51,6.51,-4.656928542032013,-3.688732639067549,-3.8465520218339933,-3.399344940047566,-2.8308748756755264,-2.081737191771804,-1.1286409834331934,-0.5684585549410315,0.3968605295950667,0.7370489261560031,1.832239381701406,2.28784654435934
2001-11-01,1.876654449706816,5.5,2.09,-5.176618471711869,2.1053409197832273,2.559138806936634,2.6851084722846252,2.6851084722846252,3.1440143166975965,3.5010749372521133,3.1675553451145255,2.938845899949971,3.4685557987889304,3.6536392061926826,3.3783061243644497,3.3861962610176377,5.3,5.0,4.9,4.6,4.5,4.3,4.4,4.3,4.2,4.2,3.9,3.9,2.49,3.07,3.65,3.77,3.97,4.21,4.8,5.31,5.49,5.98,6.4,6.51,-4.542112015695476,-4.656928542032013,-3.688732639067549,-3.8465520218339933,-3.399344940047566,-2.8308748756755264,-2.081737191771804,-1.1286409834331934,-0.5684585549410315,0.3968605295950667,0.7370489261560031,1.832239381701406
2001-12-01,1.5909426469977284,5.7,1.82,-4.892532380421244,1.876654449706816,2.1053409197832273,2.559138806936634,2.6851084722846252,2.6851084722846252,3.1440143166975965,3.5010749372521133,3.1675553451145255,2.938845899949971,3.4685557987889304,3.6536392061926826,3.3783061243644497,5.5,5.3,5.0,4.9,4.6,4.5,4.3,4.4,4.3,4.2,4.2,3.9,2.09,2.49,3.07,3.65,3.77,3.97,4.21,4.8,5.31,5.49,5.98,6.4,-5.176618471711869,-4.542112015695476,-4.656928542032013,-3.688732639067549,-3.8465520218339933,-3.399344940047566,-2.8308748756755264,-2.081737191771804,-1.1286409834331934,-0.5684585549410315,0.3968605295950667,0.7370489261560031
2002-01-01,1.1888053959589584,5.7,1.73,-3.7521389612118483,1.5909426469977284,1.876654449706816,2.1053409197832273,2.559138806936634,2.6851084722846252,2.6851084722846252,3.1440143166975965,3.5010749372521133,3.1675553451145255,2.938845899949971,3.4685557987889304,3.6536392061926826,5.7,5.5,5.3,5.0,4.9,4.6,4.5,4.3,4.4,4.3,4.2,4.2,1.82,2.09,2.49,3.07,3.65,3.77,3.97,4.21,4.8,5.31,5.49,5.98,-4.892532380421244,-5.176618471711869,-4.542112015695476,-4.656928542032013,-3.688732639067549,-3.8465520218339933,-3.399344940047566,-2.8308748756755264,-2.081737191771804,-1.1286409834331934,-0.5684585549410315,0.3968605295950667
2002-02-01,1.1299555253933669,5.7,1.74,-3.0871399795138643,1.1888053959589584,1.5909426469977284,1.876654449706816,2.1053409197832273,2.559138806936634,2.6851084722846252,2.6851084722846252,3.1440143166975965,3.5010749372521133,3.1675553451145255,2.938845899949971,3.4685557987889304,5.7,5.7,5.5,5.3,5.0,4.9,4.6,4.5,4.3,4.4,4.3,4.2,1.73,1.82,2.09,2.49,3.07,3.65,3.77,3.97,4.21,4.8,5.31,5.49,-3.7521389612118483,-4.892532380421244,-5.176618471711869,-4.542112015695476,-4.656928542032013,-3.688732639067549,-3.8465520218339933,-3.399344940047566,-2.8308748756755264,-2.081737191771804,-1.1286409834331934,-0.5684585549410315
2002-03-01,1.3536585717533356,5.7,1.73,-2.160665534497319,1.1299555253933669,1.1888053959589584,1.5909426469977284,1.876654449706816,2.1053409197832273,2.559138806936634,2.6851084722846252,2.6851084722846252,3.1440143166975965,3.5010749372521133,3.1675553451145255,2.938845899949971,5.7,5.7,5.7,5.5,5.3,5.0,4.9,4.6,4.5,4.3,4.4,4.3,1.74,1.73,1.82,2.09,2.49,3.07,3.65,3.77,3.97,4.21,4.8,5.31,-3.0871399795138643,-3.7521389612118483,-4.892532380421244,-5.176618471711869,-4.542112015695476,-4.656928542032013,-3.688732639067549,-3.8465520218339933,-3.399344940047566,-2.8308748756755264,-2.081737191771804,-1.1286409834331934
2002-04-01,1.6306237038396176,5.9,1.75,-1.3139272506955457,1.3536585717533356,1.1299555253933669,1.1888053959589584,1.5909426469977284,1.876654449706816,2.1053409197832273,2.559138806936634,2.6851084722846252,2.6851084722846252,3.1440143166975965,3.5010749372521133,3.1675553451145255,5.7,5.7,5.7,5.7,5.5,5.3,5.0,4.9,4.6,4.5,4.3,4.4,1.73,1.74,1.73,1.82,2.09,2.49,3.07,3.65,3.77,3.97,4.21,4.8,-2.160665534497319,-3.0871399795138643,-3.7521389612118483,-4.892532380421244,-5.176618471711869,-4.542112015695476,-4.656928542032013,-3.688732639067549,-3.8465520218339933,-3.399344940047566,-2.8308748756755264,-2.081737191771804
2002-05-01,1.2331994848170602,5.8,1.75,-0.43422992539641214,1.6306237038396176,1.3536585717533356,1.1299555253933669,1.1888053959589584,1.5909426469977284,1.876654449706816,2.1053409197832273,2.559138806936634,2.6851084722846252,2.6851084722846252,3.1440143166975965,3.5010749372521133,5.9,5.7,5.7,5.7,5.7,5.5,5.3,5.0,4.9,4.6,4.5,4.3,1.75,1.73,1.74,1.73,1.82,2.09,2.49,3.07,3.65,3.77,3.97,4.21,-1.3139272506955457,-2.160665534497319,-3.0871399795138643,-3.7521389612118483,-4.892532380421244,-5.176618471711869,-4.542112015695476,-4.656928542032013,-3.688732639067549,-3.8465520218339933,-3.399344940047566,-2.8308748756755264
2002-06-01,1.063542070749346,5.8,1.75,0.9166963899821745,1.2331994848170602,1.6306237038396176,1.3536585717533356,1.1299555253933669,1.1888053959589584,1.5909426469977284,1.876654449706816,2.1053409197832273,2.559138806936634,2.6851084722846252,2.6851084722846252,3.1440143166975965,5.8,5.9,5.7,5.7,5.7,5.7,5.5,5.3,5.0,4.9,4.6,4.5,1.75,1.75,1.73,1.74,1.73,1.82,2.09,2.49,3.07,3.65,3.77,3.97,-0.43422992539641214,-1.3139272506955457,-2.160665534497319,-3.0871399795138643,-3.7521389612118483,-4.892532380421244,-5.176618471711869,-4.542112015695476,-4.656928542032013,-3.688732639067549,-3.8465520218339933,-3.399344940047566
2002-07-01,1.45497810147317,5.8,1.73,1.5269796531774738,1.063542070749346,1.2331994848170602,1.6306237038396176,1.3536585717533356,1.1299555253933669,1.1888053959589584,1.5909426469977284,1.876654449706816,2.1053409197832273,2.559138806936634,2.6851084722846252,2.6851084722846252,5.8,5.8,5.9,5.7,5.7,5.7,5.7,5.5,5.3,5.0,4.9,4.6,1.75,1.75,1.75,1.73,1.74,1.73,1.82,2.09,2.49,3.07,3.65,3.77,0.9166963899821745,-0.43422992539641214,-1.3139272506955457,-2.160665534497319,-3.0871399795138643,-3.7521389612118483,-4.892532380421244,-5.176618471711869,-4.542112015695476,-4.656928542032013,-3.688732639067549,-3.8465520218339933
2002-08-01,1.7323707897457297,5.7,1.74,1.5307082573301933,1.45497810147317,1.063542070749346,1.2331994848170602,1.6306237038396176,1.3536585717533356,1.1299555253933669,1.1888053959589584,1.5909426469977284,1.876654449706816,2.1053409197832273,2.559138806936634,2.6851084722846252,5.8,5.8,5.8,5.9,5.7,5.7,5.7,5.7,5.5,5.3,5.0,4.9,1.73,1.75,1.75,1.75,1.73,1.74,1.73,1.82,2.09,2.49,3.07,3.65,1.5269796531774738,0.9166963899821745,-0.43422992539641214,-1.3139272506955457,-2.160665534497319,-3.0871399795138643,-3.7521389612118483,-4.892532380421244,-5.176618471711869,-4.542112015695476,-4.656928542032013,-3.688732639067549
2002-09-01,1.504625766246015,5.7,1.75,2.1233607274664834,1.7323707897457297,1.45497810147317,1.063542070749346,1.2331994848170602,1.6306237038396176,1.3536585717533356,1.1299555253933669,1.1888053959589584,1.5909426469977284,1.876654449706816,2.1053409197832273,2.559138806936634,5.7,5.8,5.8,5.8,5.9,5.7,5.7,5.7,5.7,5.5,5.3,5.0,1.74,1.73,1.75,1.75,1.75,1.73,1.74,1.73,1.82,2.09,2.49,3.07,1.5307082573301933,1.5269796531774738,0.9166963899821745,-0.43422992539641214,-1.3139272506955457,-2.160665534497319,-3.0871399795138643,-3.7521389612118483,-4.892532380421244,-5.176618471711869,-4.542112015695476,-4.656928542032013
2002-10-01,2.006756305080959,5.7,1.75,2.189399039207185,1.504625766246015,1.7323707897457297,1.45497810147317,1.063542070749346,1.2331994848170602,1.6306237038396176,1.3536585717533356,1.1299555253933669,1.1888053959589584,1.5909426469977284,1.876654449706816,2.1053409197832273,5.7,5.7,5.8,5.8,5.8,5.9,5.7,5.7,5.7,5.7,5.5,5.3,1.75,1.74,1.73,1.75,1.75,1.75,1.73,1.74,1.73,1.82,2.09,2.49,2.1233607274664834,1.5307082573301933,1.5269796531774738,0.9166963899821745,-0.43422992539641214,-1.3139272506955457,-2.160665534497319,-3.0871399795138643,-3.7521389612118483,-4.892532380421244,-5.176618471711869,-4.542112015695476
2002-11-01,2.2285044789434494,5.9,1.34,3.354602639470894,2.006756305080959,1.504625766246015,1.7323707897457297,1.45497810147317,1.063542070749346,1.2331994848170602,1.6306237038396176,1.3536585717533356,1.1299555253933669,1.1888053959589584,1.5909426469977284,1.876654449706816,5.7,5.7,5.7,5.8,5.8,5.8,5.9,5.7,5.7,5.7,5.7,5.5,1.75,1.75,1.74,1.73,1.75,1.75,1.75,1.73,1.74,1.73,1.82,2.09,2.189399039207185,2.1233607274664834,1.5307082573301933,1.5269796531774738,0.9166963899821745,-0.43422992539641214,-1.3139272506955457,-2.160665534497319,-3.0871399795138643,-3.7521389612118483,-4.892532380421244,-5.176618471711869
2002-12-01,2.4500111867899577,6.0,1.24,2.839690891119062,2.2285044789434494,2.006756305080959,1.504625766246015,1.7323707897457297,1.45497810147317,1.063542070749346,1.2331994848170602,1.6306237038396176,1.3536585717533356,1.1299555253933669,1.1888053959589584,1.5909426469977284,5.9,5.7,5.7,5.7,5.8,5.8,5.8,5.9,5.7,5.7,5.7,5.7,1.34,1.75,1.75,1.74,1.73,1.75,1.75,1.75,1.73,1.74,1.73,1.82,3.354602639470894,2.189399039207185,2.1233607274664834,1.5307082573301933,1.5269796531774738,0.9166963899821745,-0.43422992539641214,-1.3139272506955457,-2.160665534497319,-3.0871399795138643,-3.7521389612118483,-4.892532380421244
2003-01-01,2.720123300026245,5.8,1.24,3.0249249793919297,2.4500111867899577,2.2285044789434494,2.006756305080959,1.504625766246015,1.7323707897457297,1.45497810147317,1.063542070749346,1.2331994848170602,1.6306237038396176,1.3536585717533356,1.1299555253933669,1.1888053959589584,6.0,5.9,5.7,5.7,5.7,5.8,5.8,5.8,5.9,5.7,5.7,5.7,1.24,1.34,1.75,1.75,1.74,1.73,1.75,1.75,1.75,1.73,1.74,1.73,2.839690891119062,3.354602639470894,2.189399039207185,2.1233607274664834,1.5307082573301933,1.5269796531774738,0.9166963899821745,-0.43422992539641214,-1.3139272506955457,-2.160665534497319,-3.0871399795138643,-3.7521389612118483
2003-02-01,3.0975927894305144,5.9,1.26,3.132144603923681,2.720123300026245,2.4500111867899577,2.2285044789434494,2.006756305080959,1.504625766246015,1.7323707897457297,1.45497810147317,1.063542070749346,1.2331994848170602,1.6306237038396176,1.3536585717533356,1.1299555253933669,5.8,6.0,5.9,5.7,5.7,5.7,5.8,5.8,5.8,5.9,5.7,5.7,1.24,1.24,1.34,1.75,1.75,1.74,1.73,1.75,1.75,1.75,1.73,1.74,3.0249249793919297,2.839690891119062,3.354602639470894,2.189399039207185,2.1233607274664834,1.5307082573301933,1.5269796531774738,0.9166963899821745,-0.43422992539641214,-1.3139272506955457,-2.160665534497319,-3.0871399795138643
2003-03-01,2.9803530390582367,5.9,1.25,2.147714199668549,3.0975927894305144,2.720123300026245,2.4500111867899577,2.2285044789434494,2.006756305080959,1.504625766246015,1.7323707897457297,1.45497810147317,1.063542070749346,1.2331994848170602,1.6306237038396176,1.3536585717533356,5.9,5.8,6.0,5.9,5.7,5.7,5.7,5.8,5.8,5.8,5.9,5.7,1.26,1.24,1.24,1.34,1.75,1.75,1.74,1.73,1.75,1.75,1.75,1.73,3.132144603923681,3.0249249793919297,2.839690891119062,3.354602639470894,2.189399039207185,2.1233607274664834,1.5307082573301933,1.5269796531774738,0.9166963899821745,-0.43422992539641214,-1.3139272506955457,-2.160665534497319
2003-04-01,2.1518071628943147,6.0,1.26,1.0631424521920785,2.9803530390582367,3.0975927894305144,2.720123300026245,2.4500111867899577,2.2285044789434494,2.006756305080959,1.504625766246015,1.7323707897457297,1.45497810147317,1.063542070749346,1.2331994848170602,1.6306237038396176,5.9,5.9,5.8,6.0,5.9,5.7,5.7,5.7,5.8,5.8,5.8,5.9,1.25,1.26,1.24,1.24,1.34,1.75,1.75,1.74,1.73,1.75,1.75,1.75,2.147714199668549,3.132144603923681,3.0249249793919297,2.839690891119062,3.354602639470894,2.189399039207185,2.1233607274664834,1.5307082573301933,1.5269796531774738,0.9166963899821745,-0.43422992539641214,-1.3139272506955457
2003-05-01,1.8764347468486875,6.1,1.26,0.6349016623750536,2.1518071628943147,2.9803530390582367,3.0975927894305144,2.720123300026245,2.4500111867899577,2.2285044789434494,2.006756305080959,1.504625766246015,1.7323707897457297,1.45497810147317,1.063542070749346,1.2331994848170602,6.0,5.9,5.9,5.8,6.0,5.9,5.7,5.7,5.7,5.8,5.8,5.8,1.26,1.25,1.26,1.24,1.24,1.34,1.75,1.75,1.74,1.73,1.75,1.75,1.0631424521920785,2.147714199668549,3.132144603923681,3.0249249793919297,2.839690891119062,3.354602639470894,2.189399039207185,2.1233607274664834,1.5307082573301933,1.5269796531774738,0.9166963899821745,-0.43422992539641214
2003-06-01,1.9300295812365142,6.3,1.22,-0.058888790114597356,1.8764347468486875,2.1518071628943147,2.9803530390582367,3.0975927894305144,2.720123300026245,2.4500111867899577,2.2285044789434494,2.006756305080959,1.504625766246015,1.7323707897457297,1.45497810147317,1.063542070749346,6.1,6.0,5.9,5.9,5.8,6.0,5.9,5.7,5.7,5.7,5.8,5.8,1.26,1.26,1.25,1.26,1.24,1.24,1.34,1.75,1.75,1.74,1.73,1.75,0.6349016623750536,1.0631424521920785,2.147714199668549,3.132144603923681,3.0249249793919297,2.839690891119062,3.354602639470894,2.189399039207185,2.1233607274664834,1.5307082573301933,1.5269796531774738,0.9166963899821745
2003-07-01,2.034714133086979,6.2,1.01,0.48582182889527203,1.9300295812365142,1.8764347468486875,2.1518071628943147,2.9803530390582367,3.0975927894305144,2.720123300026245,2.4500111867899577,2.2285044789434494,2.006756305080959,1.504625766246015,1.7323707897457297,1.45497810147317,6.3,6.1,6.0,5.9,5.9,5.8,6.0,5.9,5.7,5.7,5.7,5.8,1.22,1.26,1.26,1.25,1.26,1.24,1.24,1.34,1.75,1.75,1.74,1.73,-0.058888790114597356,0.6349016623750536,1.0631424521920785,2.147714199668549,3.132144603923681,3.0249249793919297,2.839690891119062,3.354602639470894,2.189399039207185,2.1233607274664834,1.5307082573301933,1.5269796531774738
2003-08-01,2.1918685707645658,6.1,1.03,0.3785213992541614,2.034714133086979,1.9300295812365142,1.8764347468486875,2.1518071628943147,2.9803530390582367,3.0975927894305144,2.720123300026245,2.4500111867899577,2.2285044789434494,2.006756305080959,1.504625766246015,1.7323707897457297,6.2,6.3,6.1,6.0,5.9,5.9,5.8,6.0,5.9,5.7,5.7,5.7,1.01,1.22,1.26,1.26,1.25,1.26,1.24,1.24,1.34,1.75,1.75,1.74,0.48582182889527203,-0.058888790114597356,0.6349016623750536,1.0631424521920785,2.147714199668549,3.132144603923681,3.0249249793919297,2.839690891119062,3.354602639470894,2.189399039207185,2.1233607274664834,1.5307082573301933
2003-09-01,2.3504771621375653,6.1,1.01,0.9363316998081572,2.1918685707645658,2.034714133086979,1.9300295812365142,1.8764347468486875,2.1518071628943147,2.9803530390582367,3.0975927894305144,2.720123300026245,2.4500111867899577,2.2285044789434494,2.006756305080959,1.504625766246015,6.1,6.2,6.3,6.1,6.0,5.9,5.9,5.8,6.0,5.9,5.7,5.7,1.03,1.01,1.22,1.26,1.26,1.25,1.26,1.24,1.24,1.34,1.75,1.75,0.3785213992541614,0.48582182889527203,-0.058888790114597356,0.6349016623750536,1.0631424521920785,2.147714199668549,3.132144603923681,3.0249249793919297,2.839690891119062,3.354602639470894,2.189399039207185,2.1233607274664834
2003-10-01,2.0213744784199683,6.0,1.01,1.2679010093433973,2.3504771621375653,2.1918685707645658,2.034714133086979,1.9300295812365142,1.8764347468486875,2.1518071628943147,2.9803530390582367,3.0975927894305144,2.720123300026245,2.4500111867899577,2.2285044789434494,2.006756305080959,6.1,6.1,6.2,6.3,6.1,6.0,5.9,5.9,5.8,6.0,5.9,5.7,1.01,1.03,1.01,1.22,1.26,1.26,1.25,1.26,1.24,1.24,1.34,1.75,0.9363316998081572,0.3785213992541614,0.48582182889527203,-0.058888790114597356,0.6349016623750536,1.0631424521920785,2.147714199668549,3.132144603923681,3.0249249793919297,2.839690891119062,3.354602639470894,2.189399039207185
2003-11-01,1.910017137341935,5.8,1.0,1.377502622531246,2.0213744784199683,2.3504771621375653,2.1918685707645658,2.034714133086979,1.9300295812365142,1.8764347468486875,2.1518071628943147,2.9803530390582367,3.0975927894305144,2.720123300026245,2.4500111867899577,2.2285044789434494,6.0,6.1,6.1,6.2,6.3,6.1,6.0,5.9,5.9,5.8,6.0,5.9,1.01,1.01,1.03,1.01,1.22,1.26,1.26,1.25,1.26,1.24,1.24,1.34,1.2679010093433973,0.9363316998081572,0.3785213992541614,0.48582182889527203,-0.058888790114597356,0.6349016623750536,1.0631424521920785,2.147714199668549,3.132144603923681,3.0249249793919297,2.839690891119062,3.354602639470894
2003-12-01,2.0147700304111282,5.7,0.98,1.9647599545641548,1.910017137341935,2.0213744784199683,2.3504771621375653,2.1918685707645658,2.034714133086979,1.9300295812365142,1.8764347468486875,2.1518071628943147,2.9803530390582367,3.0975927894305144,2.720123300026245,2.4500111867899577,5.8,6.0,6.1,6.1,6.2,6.3,6.1,6.0,5.9,5.9,5.8,6.0,1.0,1.01,1.01,1.03,1.01,1.22,1.26,1.26,1.25,1.26,1.24,1.24,1.377502622531246,1.2679010093433973,0.9363316998081572,0.3785213992541614,0.48582182889527203,-0.058888790114597356,0.6349016623750536,1.0631424521920785,2.147714199668549,3.132144603923681,3.0249249793919297,2.839690891119062
2004-01-01,2.0060309446674474,5.7,1.0,1.2682820040776477,2.0147700304111282,1.910017137341935,2.0213744784199683,2.3504771621375653,2.1918685707645658,2.034714133086979,1.9300295812365142,1.8764347468486875,2.1518071628943147,2.9803530390582367,3.0975927894305144,2.720123300026245,5.7,5.8,6.0,6.1,6.1,6.2,6.3,6.1,6.0,5.9,5.9,5.8,0.98,1.0,1.01,1.01,1.03,1.01,1.22,1.26,1.26,1.25,1.26,1.24,1.9647599545641548,1.377502622531246,1.2679010093433973,0.9363316998081572,0.3785213992541614,0.48582182889527203,-0.058888790114597356,0.6349016623750536,1.0631424521920785,2.147714199668549,3.132144603923681,3.0249249793919297
2004-02-01,1.6743572361286319,5.6,1.01,1.750970522201012,2.0060309446674474,2.0147700304111282,1.910017137341935,2.0213744784199683,2.3504771621375653,2.1918685707645658,2.034714133086979,1.9300295812365142,1.8764347468486875,2.1518071628943147,2.9803530390582367,3.0975927894305144,5.7,5.7,5.8,6.0,6.1,6.1,6.2,6.3,6.1,6.0,5.9,5.9,1.0,0.98,1.0,1.01,1.01,1.03,1.01,1.22,1.26,1.26,1.25,1.26,1.2682820040776477,1.9647599545641548,1.377502622531246,1.2679010093433973,0.9363316998081572,0.3785213992541614,0.48582182889527203,-0.058888790114597356,0.6349016623750536,1.0631424521920785,2.147714199668549,3.132144603923681
2004-03-01,1.725110166976851,5.8,1.0,1.6132920720870025,1.6743572361286319,2.0060309446674474,2.0147700304111282,1.910017137341935,2.0213744784199683,2.3504771621375653,2.1918685707645658,2.034714133086979,1.9300295812365142,1.8764347468486875,2.1518071628943147,2.9803530390582367,5.6,5.7,5.7,5.8,6.0,6.1,6.1,6.2,6.3,6.1,6.0,5.9,1.01,1.0,0.98,1.0,1.01,1.01,1.03,1.01,1.22,1.26,1.26,1.25,1.750970522201012,1.2682820040776477,1.9647599545641548,1.377502622531246,1.2679010093433973,0.9363316998081572,0.3785213992541614,0.48582182889527203,-0.058888790114597356,0.6349016623750536,1.0631424521920785,2.147714199668549
2004-04-01,2.266691756429129,5.6,1.0,2.581513520576273,1.725110166976851,1.6743572361286319,2.0060309446674474,2.0147700304111282,1.910017137341935,2.0213744784199683,2.3504771621375653,2.1918685707645658,2.034714133086979,1.9300295812365142,1.8764347468486875,2.1518071628943147,5.8,5.6,5.7,5.7,5.8,6.0,6.1,6.1,6.2,6.3,6.1,6.0,1.0,1.01,1.0,0.98,1.0,1.01,1.01,1.03,1.01,1.22,1.26,1.26,1.6132920720870025,1.750970522201012,1.2682820040776477,1.9647599545641548,1.377502622531246,1.2679010093433973,0.9363316998081572,0.3785213992541614,0.48582182889527203,-0.058888790114597356,0.6349016623750536,1.0631424521920785
2004-05-01,2.8565671754459565,5.6,1.0,3.3285665343309567,2.266691756429129,1.725110166976851,1.6743572361286319,2.0060309446674474,2.0147700304111282,1.910017137341935,2.0213744784199683,2.3504771621375653,2.1918685707645658,2.034714133086979,1.9300295812365142,1.8764347468486875,5.6,5.8,5.6,5.7,5.7,5.8,6.0,6.1,6.1,6.2,6.3,6.1,1.0,1.0,1.01,1.0,0.98,1.0,1.01,1.01,1.03,1.01,1.22,1.26,2.581513520576273,1.6132920720870025,1.750970522201012,1.2682820040776477,1.9647599545641548,1.377502622531246,1.2679010093433973,0.9363316998081572,0.3785213992541614,0.48582182889527203,-0.058888790114597356,0.6349016623750536
2004-06-01,3.1185322826999595,5.6,1.03,2.4175711825569657,2.8565671754459565,2.266691756429129,1.725110166976851,1.6743572361286319,2.0060309446674474,2.0147700304111282,1.910017137341935,2.0213744784199683,2.3504771621375653,2.1918685707645658,2.034714133086979,1.9300295812365142,5.6,5.6,5.8,5.6,5.7,5.7,5.8,6.0,6.1,6.1,6.2,6.3,1.0,1.0,1.0,1.01,1.0,0.98,1.0,1.01,1.01,1.03,1.01,1.22,3.3285665343309567,2.581513520576273,1.6132920720870025,1.750970522201012,1.2682820040776477,1.9647599545641548,1.377502622531246,1.2679010093433973,0.9363316998081572,0.3785213992541614,0.48582182889527203,-0.058888790114597356
2004-07-01,2.8971983443331517,5.5,1.26,2.649445595863753,3.1185322826999595,2.8565671754459565,2.266691756429129,1.725110166976851,1.6743572361286319,2.0060309446674474,2.0147700304111282,1.910017137341935,2.0213744784199683,2.3504771621375653,2.1918685707645658,2.034714133086979,5.6,5.6,5.6,5.8,5.6,5.7,5.7,5.8,6.0,6.1,6.1,6.2,1.03,1.0,1.0,1.0,1.01,1.0,0.98,1.0,1.01,1.01,1.03,1.01,2.4175711825569657,3.3285665343309567,2.581513520576273,1.6132920720870025,1.750970522201012,1.2682820040776477,1.9647599545641548,1.377502622531246,1.2679010093433973,0.9363316998081572,0.3785213992541614,0.48582182889527203
2004-08-01,2.515519313719583,5.4,1.43,2.93495804979802,2.8971983443331517,3.1185322826999595,2.8565671754459565,2.266691756429129,1.725110166976851,1.6743572361286319,2.0060309446674474,2.0147700304111282,1.910017137341935,2.0213744784199683,2.3504771621375653,2.1918685707645658,5.5,5.6,5.6,5.6,5.8,5.6,5.7,5.7,5.8,6.0,6.1,6.1,1.26,1.03,1.0,1.0,1.0,1.01,1.0,0.98,1.0,1.01,1.01,1.03,2.649445595863753,2.4175711825569657,3.3285665343309567,2.581513520576273,1.6132920720870025,1.750970522201012,1.2682820040776477,1.9647599545641548,1.377502622531246,1.2679010093433973,0.9363316998081572,0.3785213992541614
2004-09-01,2.5074666596375472,5.4,1.61,2.419301315399558,2.515519313719583,2.8971983443331517,3.1185322826999595,2.8565671754459565,2.266691756429129,1.725110166976851,1.6743572361286319,2.0060309446674474,2.0147700304111282,1.910017137341935,2.0213744784199683,2.3504771621375653,5.4,5.5,5.6,5.6,5.6,5.8,5.6,5.7,5.7,5.8,6.0,6.1,1.43,1.26,1.03,1.0,1.0,1.0,1.01,1.0,0.98,1.0,1.01,1.01,2.93495804979802,2.649445595863753,2.4175711825569657,3.3285665343309567,2.581513520576273,1.6132920720870025,1.750970522201012,1.2682820040776477,1.9647599545641548,1.377502622531246,1.2679010093433973,0.9363316998081572
2004-10-01,3.1410620621107554,5.5,1.76,3.1457469132811333,2.5074666596375472,2.515519313719583,2.8971983443331517,3.1185322826999595,2.8565671754459565,2.266691756429129,1.725110166976851,1.6743572361286319,2.0060309446674474,2.0147700304111282,1.910017137341935,2.0213744784199683,5.4,5.4,5.5,5.6,5.6,5.6,5.8,5.6,5.7,5.7,5.8,6.0,1.61,1.43,1.26,1.03,1.0,1.0,1.0,1.01,1.0,0.98,1.0,1.01,2.419301315399558,2.93495804979802,2.649445595863753,2.4175711825569657,3.3285665343309567,2.581513520576273,1.6132920720870025,1.750970522201012,1.2682820040776477,1.9647599545641548,1.377502622531246,1.2679010093433973
2004-11-01,3.5575824973274273,5.4,1.93,2.725523253460871,3.1410620621107554,2.5074666596375472,2.515519313719583,2.8971983443331517,3.1185322826999595,2.8565671754459565,2.266691756429129,1.725110166976851,1.6743572361286319,2.0060309446674474,2.0147700304111282,1.910017137341935,5.5,5.4,5.4,5.5,5.6,5.6,5.6,5.8,5.6,5.7,5.7,5.8,1.76,1.61,1.43,1.26,1.03,1.0,1.0,1.0,1.01,1.0,0.98,1.0,3.1457469132811333,2.419301315399558,2.93495804979802,2.649445595863753,2.4175711825569657,3.3285665343309567,2.581513520576273,1.6132920720870025,1.750970522201012,1.2682820040776477,1.9647599545641548,1.377502622531246
2004-12-01,3.2876768004109103,5.4,2.16,3.489552750613445,3.5575824973274273,3.1410620621107554,2.5074666596375472,2.515519313719583,2.8971983443331517,3.1185322826999595,2.8565671754459565,2.266691756429129,1.725110166976851,1.6743572361286319,2.0060309446674474,2.0147700304111282,5.4,5.5,5.4,5.4,5.5,5.6,5.6,5.6,5.8,5.6,5.7,5.7,1.93,1.76,1.61,1.43,1.26,1.03,1.0,1.0,1.0,1.01,1.0,0.98,2.725523253460871,3.1457469132811333,2.419301315399558,2.93495804979802,2.649445595863753,2.4175711825569657,3.3285665343309567,2.581513520576273,1.6132920720870025,1.750970522201012,1.2682820040776477,1.9647599545641548
2005-01-01,2.8051587929216915,5.3,2.28,3.696498040297058,3.2876768004109103,3.5575824973274273,3.1410620621107554,2.5074666596375472,2.515519313719583,2.8971983443331517,3.1185322826999595,2.8565671754459565,2.266691756429129,1.725110166976851,1.6743572361286319,2.0060309446674474,5.4,5.4,5.5,5.4,5.4,5.5,5.6,5.6,5.6,5.8,5.6,5.7,2.16,1.93,1.76,1.61,1.43,1.26,1.03,1.0,1.0,1.0,1.01,1.0,3.489552750613445,2.725523253460871,3.1457469132811333,2.419301315399558,2.93495804979802,2.649445595863753,2.4175711825569657,3.3285665343309567,2.581513520576273,1.6132920720870025,1.750970522201012,1.2682820040776477
2005-02-01,3.007348768392948,5.4,2.5,3.8183520356581013,2.8051587929216915,3.2876768004109103,3.5575824973274273,3.1410620621107554,2.5074666596375472,2.515519313719583,2.8971983443331517,3.1185322826999595,2.8565671754459565,2.266691756429129,1.725110166976851,1.6743572361286319,5.3,5.4,5.4,5.5,5.4,5.4,5.5,5.6,5.6,5.6,5.8,5.6,2.28,2.16,1.93,1.76,1.61,1.43,1.26,1.03,1.0,1.0,1.0,1.01,3.696498040297058,3.489552750613445,2.725523253460871,3.1457469132811333,2.419301315399558,2.93495804979802,2.649445595863753,2.4175711825569657,3.3285665343309567,2.581513520576273,1.6132920720870025,1.750970522201012
2005-03-01,3.156495615442445,5.2,2.63,4.084009642573161,3.007348768392948,2.8051587929216915,3.2876768004109103,3.5575824973274273,3.1410620621107554,2.5074666596375472,2.515519313719583,2.8971983443331517,3.1185322826999595,2.8565671754459565,2.266691756429129,1.725110166976851,5.4,5.3,5.4,5.4,5.5,5.4,5.4,5.5,5.6,5.6,5.6,5.8,2.5,2.28,2.16,1.93,1.76,1.61,1.43,1.26,1.03,1.0,1.0,1.0,3.8183520356581013,3.696498040297058,3.489552750613445,2.725523253460871,3.1457469132811333,2.419301315399558,2.93495804979802,2.649445595863753,2.4175711825569657,3.3285665343309567,2.581513520576273,1.6132920720870025
2005-04-01,3.306520060862894,5.2,2.79,3.9282792693747126,3.156495615442445,3.007348768392948,2.8051587929216915,3.2876768004109103,3.5575824973274273,3.1410620621107554,2.5074666596375472,2.515519313719583,2.8971983443331517,3.1185322826999595,2.8565671754459565,2.266691756429129,5.2,5.4,5.3,5.4,5.4,5.5,5.4,5.4,5.5,5.6,5.6,5.6,2.63,2.5,2.28,2.16,1.93,1.76,1.61,1.43,1.26,1.03,1.0,1.0,4.084009642573161,3.8183520356581013,3.696498040297058,3.489552750613445,2.725523253460871,3.1457469132811333,2.419301315399558,2.93495804979802,2.649445595863753,2.4175711825569657,3.3285665343309567,2.581513520576273
2005-05-01,2.8288947691197386,5.1,3.0,3.298476251386173,3.306520060862894,3.156495615442445,3.007348768392948,2.8051587929216915,3.2876768004109103,3.5575824973274273,3.1410620621107554,2.5074666596375472,2.515519313719583,2.8971983443331517,3.1185322826999595,2.8565671754459565,5.2,5.2,5.4,5.3,5.4,5.4,5.5,5.4,5.4,5.5,5.6,5.6,2.79,2.63,2.5,2.28,2.16,1.93,1.76,1.61,1.43,1.26,1.03,1.0,3.9282792693747126,4.084009642573161,3.8183520356581013,3.696498040297058,3.489552750613445,2.725523253460871,3.1457469132811333,2.419301315399558,2.93495804979802,2.649445595863753,2.4175711825569657,3.3285665343309567
2005-06-01,2.50927959054863,5.0,3.04,4.5305130477514055,2.8288947691197386,3.306520060862894,3.156495615442445,3.007348768392948,2.8051587929216915,3.2876768004109103,3.5575824973274273,3.1410620621107554,2.5074666596375472,2.515519313719583,2.8971983443331517,3.1185322826999595,5.1,5.2,5.2,5.4,5.3,5.4,5.4,5.5,5.4,5.4,5.5,5.6,3.0,2.79,2.63,2.5,2.28,2.16,1.93,1.76,1.61,1.43,1.26,1.03,3.298476251386173,3.9282792693747126,4.084009642573161,3.8183520356581013,3.696498040297058,3.489552750613445,2.725523253460871,3.1457469132811333,2.419301315399558,2.93495804979802,2.649445595863753,2.4175711825569657
2005-07-01,3.0210630849103026,5.0,3.26,3.4689784505630428,2.50927959054863,2.8288947691197386,3.306520060862894,3.156495615442445,3.007348768392948,2.8051587929216915,3.2876768004109103,3.5575824973274273,3.1410620621107554,2.5074666596375472,2.515519313719583,2.8971983443331517,5.0,5.1,5.2,5.2,5.4,5.3,5.4,5.4,5.5,5.4,5.4,5.5,3.04,3.0,2.79,2.63,2.5,2.28,2.16,1.93,1.76,1.61,1.43,1.26,4.5305130477514055,3.298476251386173,3.9282792693747126,4.084009642573161,3.8183520356581013,3.696498040297058,3.489552750613445,2.725523253460871,3.1457469132811333,2.419301315399558,2.93495804979802,2.649445595863753
2005-08-01,3.582007658452291,4.9,3.5,3.727260613282457,3.0210630849103026,2.50927959054863,2.8288947691197386,3.306520060862894,3.156495615442445,3.007348768392948,2.8051587929216915,3.2876768004109103,3.5575824973274273,3.1410620621107554,2.5074666596375472,2.515519313719583,5.0,5.0,5.1,5.2,5.2,5.4,5.3,5.4,5.4,5.5,5.4,5.4,3.26,3.04,3.0,2.79,2.63,2.5,2.28,2.16,1.93,1.76,1.61,1.43,3.4689784505630428,4.5305130477514055,3.298476251386173,3.9282792693747126,4.084009642573161,3.8183520356581013,3.696498040297058,3.489552750613445,2.725523253460871,3.1457469132811333,2.419301315399558,2.93495804979802
2005-09-01,4.6328408046646175,5.0,3.62,1.643859300512407,3.582007658452291,3.0210630849103026,2.50927959054863,2.8288947691197386,3.306520060862894,3.156495615442445,3.007348768392948,2.8051587929216915,3.2876768004109103,3.5575824973274273,3.1410620621107554,2.5074666596375472,4.9,5.0,5.0,5.1,5.2,5.2,5.4,5.3,5.4,5.4,5.5,5.4,3.5,3.26,3.04,3.0,2.79,2.63,2.5,2.28,2.16,1.93,1.76,1.61,3.727260613282457,3.4689784505630428,4.5305130477514055,3.298476251386173,3.9282792693747126,4.084009642573161,3.8183520356581013,3.696498040297058,3.489552750613445,2.725523253460871,3.1457469132811333,2.419301315399558
2005-10-01,4.258145205596442,5.0,3.78,2.000760967510118,4.6328408046646175,3.582007658452291,3.0210630849103026,2.50927959054863,2.8288947691197386,3.306520060862894,3.156495615442445,3.007348768392948,2.8051587929216915,3.2876768004109103,3.5575824973274273,3.1410620621107554,5.0,4.9,5.0,5.0,5.1,5.2,5.2,5.4,5.3,5.4,5.4,5.5,3.62,3.5,3.26,3.04,3.0,2.79,2.63,2.5,2.28,2.16,1.93,1.76,1.643859300512407,3.727260613282457,3.4689784505630428,4.5305130477514055,3.298476251386173,3.9282792693747126,4.084009642573161,3.8183520356581013,3.696498040297058,3.489552750613445,2.725523253460871,3.1457469132811333
2005-11-01,3.2840303652906577,5.0,4.0,2.8704770845601857,4.258145205596442,4.6328408046646175,3.582007658452291,3.0210630849103026,2.50927959054863,2.8288947691197386,3.306520060862894,3.156495615442445,3.007348768392948,2.8051587929216915,3.2876768004109103,3.5575824973274273,5.0,5.0,4.9,5.0,5.0,5.1,5.2,5.2,5.4,5.3,5.4,5.4,3.78,3.62,3.5,3.26,3.04,3.0,2.79,2.63,2.5,2.28,2.16,1.93,2.000760967510118,1.643859300512407,3.727260613282457,3.4689784505630428,4.5305130477514055,3.298476251386173,3.9282792693747126,4.084009642573161,3.8183520356581013,3.696498040297058,3.489552750613445,2.725523253460871
2005-12-01,3.2840303652906577,4.9,4.16,2.592022340889777,3.2840303652906577,4.258145205596442,4.6328408046646175,3.582007658452291,3.0210630849103026,2.50927959054863,2.8288947691197386,3.306520060862894,3.156495615442445,3.007348768392948,2.8051587929216915,3.2876768004109103,5.0,5.0,5.0,4.9,5.0,5.0,5.1,5.2,5.2,5.4,5.3,5.4,4.0,3.78,3.62,3.5,3.26,3.04,3.0,2.79,2.63,2.5,2.28,2.16,2.8704770845601857,2.000760967510118,1.643859300512407,3.727260613282457,3.4689784505630428,4.5305130477514055,3.298476251386173,3.9282792693747126,4.084009642573161,3.8183520356581013,3.696498040297058,3.489552750613445
2006-01-01,3.9401361681989044,4.7,4.29,2.3906744493943144,3.2840303652906577,3.2840303652906577,4.258145205596442,4.6328408046646175,3.582007658452291,3.0210630849103026,2.50927959054863,2.8288947691197386,3.306520060862894,3.156495615442445,3.007348768392948,2.8051587929216915,4.9,5.0,5.0,5.0,4.9,5.0,5.0,5.1,5.2,5.2,5.4,5.3,4.16,4.0,3.78,3.62,3.5,3.26,3.04,3.0,2.79,2.63,2.5,2.28,2.592022340889777,2.8704770845601857,2.000760967510118,1.643859300512407,3.727260613282457,3.4689784505630428,4.5305130477514055,3.298476251386173,3.9282792693747126,4.084009642573161,3.8183520356581013,3.696498040297058
2006-02-01,3.5736319296131747,4.8,4.49,1.7095398611510326,3.9401361681989044,3.2840303652906577,3.2840303652906577,4.258145205596442,4.6328408046646175,3.582007658452291,3.0210630849103026,2.50927959054863,2.8288947691197386,3.306520060862894,3.156495615442445,3.007348768392948,4.7,4.9,5.0,5.0,5.0,4.9,5.0,5.0,5.1,5.2,5.2,5.4,4.29,4.16,4.0,3.78,3.62,3.5,3.26,3.04,3.0,2.79,2.63,2.5,2.3906744493943144,2.592022340889777,2.8704770845601857,2.000760967510118,1.643859300512407,3.727260613282457,3.4689784505630428,4.5305130477514055,3.298476251386173,3.9282792693747126,4.084009642573161,3.8183520356581013
2006-03-01,3.3608050987300686,4.7,4.59,2.0699693050874046,3.5736319296131747,3.9401361681989044,3.2840303652906577,3.2840303652906577,4.258145205596442,4.6328408046646175,3.582007658452291,3.0210630849103026,2.50927959054863,2.8288947691197386,3.306520060862894,3.156495615442445,4.8,4.7,4.9,5.0,5.0,5.0,4.9,5.0,5.0,5.1,5.2,5.2,4.49,4.29,4.16,4.0,3.78,3.62,3.5,3.26,3.04,3.0,2.79,2.63,1.7095398611510326,2.3906744493943144,2.592022340889777,2.8704770845601857,2.000760967510118,1.643859300512407,3.727260613282457,3.4689784505630428,4.5305130477514055,3.298476251386173,3.9282792693747126,4.084009642573161
2006-04-01,3.550068538934159,4.7,4.79,2.1581576050322404,3.3608050987300686,3.5736319296131747,3.9401361681989044,3.2840303652906577,3.2840303652906577,4.258145205596442,4.6328408046646175,3.582007658452291,3.0210630849103026,2.50927959054863,2.8288947691197386,3.306520060862894,4.7,4.8,4.7,4.9,5.0,5.0,5.0,4.9,5.0,5.0,5.1,5.2,4.59,4.49,4.29,4.16,4.0,3.78,3.62,3.5,3.26,3.04,3.0,2.79,2.0699693050874046,1.7095398611510326,2.3906744493943144,2.592022340889777,2.8704770845601857,2.000760967510118,1.643859300512407,3.727260613282457,3.4689784505630428,4.5305130477514055,3.298476251386173,3.9282792693747126
2006-05-01,3.90021578032691,4.6,4.94,2.0935970079881905,3.550068538934159,3.3608050987300686,3.5736319296131747,3.9401361681989044,3.2840303652906577,3.2840303652906577,4.258145205596442,4.6328408046646175,3.582007658452291,3.0210630849103026,2.50927959054863,2.8288947691197386,4.7,4.7,4.8,4.7,4.9,5.0,5.0,5.0,4.9,5.0,5.0,5.1,4.79,4.59,4.49,4.29,4.16,4.0,3.78,3.62,3.5,3.26,3.04,3.0,2.1581576050322404,2.0699693050874046,1.7095398611510326,2.3906744493943144,2.592022340889777,2.8704770845601857,2.000760967510118,1.643859300512407,3.727260613282457,3.4689784505630428,4.5305130477514055,3.298476251386173
2006-06-01,4.096653750655843,4.6,4.99,1.9609850138842866,3.90021578032691,3.550068538934159,3.3608050987300686,3.5736319296131747,3.9401361681989044,3.2840303652906577,3.2840303652906577,4.258145205596442,4.6328408046646175,3.582007658452291,3.0210630849103026,2.50927959054863,4.6,4.7,4.7,4.8,4.7,4.9,5.0,5.0,5.0,4.9,5.0,5.0,4.94,4.79,4.59,4.49,4.29,4.16,4.0,3.78,3.62,3.5,3.26,3.04,2.0935970079881905,2.1581576050322404,2.0699693050874046,1.7095398611510326,2.3906744493943144,2.592022340889777,2.8704770845601857,2.000760967510118,1.643859300512407,3.727260613282457,3.4689784505630428,4.5305130477514055
2006-07-01,4.022664031825407,4.7,5.24,2.2268569921528147,4.096653750655843,3.90021578032691,3.550068538934159,3.3608050987300686,3.5736319296131747,3.9401361681989044,3.2840303652906577,3.2840303652906577,4.258145205596442,4.6328408046646175,3.582007658452291,3.0210630849103026,4.6,4.6,4.7,4.7,4.8,4.7,4.9,5.0,5.0,5.0,4.9,5.0,4.99,4.94,4.79,4.59,4.49,4.29,4.16,4.0,3.78,3.62,3.5,3.26,1.9609850138842866,2.0935970079881905,2.1581576050322404,2.0699693050874046,1.7095398611510326,2.3906744493943144,2.592022340889777,2.8704770845601857,2.000760967510118,1.643859300512407,3.727260613282457,3.4689784505630428
2006-08-01,3.8514387586324084,4.7,5.25,2.33939204532998,4.022664031825407,4.096653750655843,3.90021578032691,3.550068538934159,3.3608050987300686,3.5736319296131747,3.9401361681989044,3.2840303652906577,3.2840303652906577,4.258145205596442,4.6328408046646175,3.582007658452291,4.7,4.6,4.6,4.7,4.7,4.8,4.7,4.9,5.0,5.0,5.0,4.9,5.24,4.99,4.94,4.79,4.59,4.49,4.29,4.16,4.0,3.78,3.62,3.5,2.2268569921528147,1.9609850138842866,2.0935970079881905,2.1581576050322404,2.0699693050874046,1.7095398611510326,2.3906744493943144,2.592022340889777,2.8704770845601857,2.000760967510118,1.643859300512407,3.727260613282457
2006-09-01,1.992097749455457,4.5,5.25,4.129478686590637,3.8514387586324084,4.022664031825407,4.096653750655843,3.90021578032691,3.550068538934159,3.3608050987300686,3.5736319296131747,3.9401361681989044,3.2840303652906577,3.2840303652906577,4.258145205596442,4.6328408046646175,4.7,4.7,4.6,4.6,4.7,4.7,4.8,4.7,4.9,5.0,5.0,5.0,5.25,5.24,4.99,4.94,4.79,4.59,4.49,4.29,4.16,4.0,3.78,3.62,2.33939204532998,2.2268569921528147,1.9609850138842866,2.0935970079881905,2.1581576050322404,2.0699693050874046,1.7095398611510326,2.3906744493943144,2.592022340889777,2.8704770845601857,2.000760967510118,1.643859300512407
2006-10-01,1.3965314248641114,4.4,5.25,2.808298150256938,1.992097749455457,3.8514387586324084,4.022664031825407,4.096653750655843,3.90021578032691,3.550068538934159,3.3608050987300686,3.5736319296131747,3.9401361681989044,3.2840303652906577,3.2840303652906577,4.258145205596442,4.5,4.7,4.7,4.6,4.6,4.7,4.7,4.8,4.7,4.9,5.0,5.0,5.25,5.25,5.24,4.99,4.94,4.79,4.59,4.49,4.29,4.16,4.0,3.78,4.129478686590637,2.33939204532998,2.2268569921528147,1.9609850138842866,2.0935970079881905,2.1581576050322404,2.0699693050874046,1.7095398611510326,2.3906744493943144,2.592022340889777,2.8704770845601857,2.000760967510118
2006-11-01,1.9495743696699819,4.5,5.25,1.6485032252737675,1.3965314248641114,1.992097749455457,3.8514387586324084,4.022664031825407,4.096653750655843,3.90021578032691,3.550068538934159,3.3608050987300686,3.5736319296131747,3.9401361681989044,3.2840303652906577,3.2840303652906577,4.4,4.5,4.7,4.7,4.6,4.6,4.7,4.7,4.8,4.7,4.9,5.0,5.25,5.25,5.25,5.24,4.99,4.94,4.79,4.59,4.49,4.29,4.16,4.0,2.808298150256938,4.129478686590637,2.33939204532998,2.2268569921528147,1.9609850138842866,2.0935970079881905,2.1581576050322404,2.0699693050874046,1.7095398611510326,2.3906744493943144,2.592022340889777,2.8704770845601857
2006-12-01,2.492651488183384,4.4,5.24,2.1475085785195525,1.9495743696699819,1.3965314248641114,1.992097749455457,3.8514387586324084,4.022664031825407,4.096653750655843,3.90021578032691,3.550068538934159,3.3608050987300686,3.5736319296131747,3.9401361681989044,3.2840303652906577,4.5,4.4,4.5,4.7,4.7,4.6,4.6,4.7,4.7,4.8,4.7,4.9,5.25,5.25,5.25,5.25,5.24,4.99,4.94,4.79,4.59,4.49,4.29,4.16,1.6485032252737675,2.808298150256938,4.129478686590637,2.33939204532998,2.2268569921528147,1.9609850138842866,2.0935970079881905,2.1581576050322404,2.0699693050874046,1.7095398611510326,2.3906744493943144,2.592022340889777
2007-01-01,2.054514742382274,4.6,5.25,1.6509619589963442,2.492651488183384,1.9495743696699819,1.3965314248641114,1.992097749455457,3.8514387586324084,4.022664031825407,4.096653750655843,3.90021578032691,3.550068538934159,3.3608050987300686,3.5736319296131747,3.9401361681989044,4.4,4.5,4.4,4.5,4.7,4.7,4.6,4.6,4.7,4.7,4.8,4.7,5.24,5.25,5.25,5.25,5.25,5.24,4.99,4.94,4.79,4.59,4.49,4.29,2.1475085785195525,1.6485032252737675,2.808298150256938,4.129478686590637,2.33939204532998,2.2268569921528147,1.9609850138842866,2.0935970079881905,2.1581576050322404,2.0699693050874046,1.7095398611510326,2.3906744493943144
2007-02-01,2.3914366248373398,4.5,5.26,2.5466588717299565,2.054514742382274,2.492651488183384,1.9495743696699819,1.3965314248641114,1.992097749455457,3.8514387586324084,4.022664031825407,4.096653750655843,3.90021578032691,3.550068538934159,3.3608050987300686,3.5736319296131747,4.6,4.4,4.5,4.4,4.5,4.7,4.7,4.6,4.6,4.7,4.7,4.8,5.25,5.24,5.25,5.25,5.25,5.25,5.24,4.99,4.94,4.79,4.59,4.49,1.6509619589963442,2.1475085785195525,1.6485032252737675,2.808298150256938,4.129478686590637,2.33939204532998,2.2268569921528147,1.9609850138842866,2.0935970079881905,2.1581576050322404,2.0699693050874046,1.7095398611510326
2007-03-01,2.759763084754141,4.4,5.26,2.4993089506856414,2.3914366248373398,2.054514742382274,2.492651488183384,1.9495743696699819,1.3965314248641114,1.992097749455457,3.8514387586324084,4.022664031825407,4.096653750655843,3.90021578032691,3.550068538934159,3.3608050987300686,4.5,4.6,4.4,4.5,4.4,4.5,4.7,4.7,4.6,4.6,4.7,4.7,5.26,5.25,5.24,5.25,5.25,5.25,5.25,5.24,4.99,4.94,4.79,4.59,2.5466588717299565,1.6509619589963442,2.1475085785195525,1.6485032252737675,2.808298150256938,4.129478686590637,2.33939204532998,2.2268569921528147,1.9609850138842866,2.0935970079881905,2.1581576050322404,2.0699693050874046
2007-04-01,2.559878494901735,4.5,5.25,2.8661330965338294,2.759763084754141,2.3914366248373398,2.054514742382274,2.492651488183384,1.9495743696699819,1.3965314248641114,1.992097749455457,3.8514387586324084,4.022664031825407,4.096653750655843,3.90021578032691,3.550068538934159,4.4,4.5,4.6,4.4,4.5,4.4,4.5,4.7,4.7,4.6,4.6,4.7,5.26,5.26,5.25,5.24,5.25,5.25,5.25,5.25,5.24,4.99,4.94,4.79,2.4993089506856414,2.5466588717299565,1.6509619589963442,2.1475085785195525,1.6485032252737675,2.808298150256938,4.129478686590637,2.33939204532998,2.2268569921528147,1.9609850138842866,2.0935970079881905,2.1581576050322404
2007-05-01,2.6738184762487016,4.4,5.25,2.9363137883737345,2.559878494901735,2.759763084754141,2.3914366248373398,2.054514742382274,2.492651488183384,1.9495743696699819,1.3965314248641114,1.992097749455457,3.8514387586324084,4.022664031825407,4.096653750655843,3.90021578032691,4.5,4.4,4.5,4.6,4.4,4.5,4.4,4.5,4.7,4.7,4.6,4.6,5.25,5.26,5.26,5.25,5.24,5.25,5.25,5.25,5.25,5.24,4.99,4.94,2.8661330965338294,2.4993089506856414,2.5466588717299565,1.6509619589963442,2.1475085785195525,1.6485032252737675,2.808298150256938,4.129478686590637,2.33939204532998,2.2268569921528147,1.9609850138842866,2.0935970079881905
2007-06-01,2.657148166818324,4.6,5.25,2.677857645102044,2.6738184762487016,2.559878494901735,2.759763084754141,2.3914366248373398,2.054514742382274,2.492651488183384,1.9495743696699819,1.3965314248641114,1.992097749455457,3.8514387586324084,4.022664031825407,4.096653750655843,4.4,4.5,4.4,4.5,4.6,4.4,4.5,4.4,4.5,4.7,4.7,4.6,5.25,5.25,5.26,5.26,5.25,5.24,5.25,5.25,5.25,5.25,5.24,4.99,2.9363137883737345,2.8661330965338294,2.4993089506856414,2.5466588717299565,1.6509619589963442,2.1475085785195525,1.6485032252737675,2.808298150256938,4.129478686590637,2.33939204532998,2.2268569921528147,1.9609850138842866
2007-07-01,2.291435522260432,4.7,5.26,2.6091066246559436,2.657148166818324,2.6738184762487016,2.559878494901735,2.759763084754141,2.3914366248373398,2.054514742382274,2.492651488183384,1.9495743696699819,1.3965314248641114,1.992097749455457,3.8514387586324084,4.022664031825407,4.6,4.4,4.5,4.4,4.5,4.6,4.4,4.5,4.4,4.5,4.7,4.7,5.25,5.25,5.25,5.26,5.26,5.25,5.24,5.25,5.25,5.25,5.25,5.24,2.677857645102044,2.9363137883737345,2.8661330965338294,2.4993089506856414,2.5466588717299565,1.6509619589963442,2.1475085785195525,1.6485032252737675,2.808298150256938,4.129478686590637,2.33939204532998,2.2268569921528147
2007-08-01,1.8796714465866948,4.6,5.02,2.3635966753074555,2.291435522260432,2.657148166818324,2.6738184762487016,2.559878494901735,2.759763084754141,2.3914366248373398,2.054514742382274,2.492651488183384,1.9495743696699819,1.3965314248641114,1.992097749455457,3.8514387586324084,4.7,4.6,4.4,4.5,4.4,4.5,4.6,4.4,4.5,4.4,4.5,4.7,5.26,5.25,5.25,5.25,5.26,5.26,5.25,5.24,5.25,5.25,5.25,5.25,2.6091066246559436,2.677857645102044,2.9363137883737345,2.8661330965338294,2.4993089506856414,2.5466588717299565,1.6509619589963442,2.1475085785195525,1.6485032252737675,2.808298150256938,4.129478686590637,2.33939204532998
2007-09-01,2.7944163782901654,4.7,4.94,2.7519055894432043,1.8796714465866948,2.291435522260432,2.657148166818324,2.6738184762487016,2.559878494901735,2.759763084754141,2.3914366248373398,2.054514742382274,2.492651488183384,1.9495743696699819,1.3965314248641114,1.992097749455457,4.6,4.7,4.6,4.4,4.5,4.4,4.5,4.6,4.4,4.5,4.4,4.5,5.02,5.26,5.25,5.25,5.25,5.26,5.26,5.25,5.24,5.25,5.25,5.25,2.3635966753074555,2.6091066246559436,2.677857645102044,2.9363137883737345,2.8661330965338294,2.4993089506856414,2.5466588717299565,1.6509619589963442,2.1475085785195525,1.6485032252737675,2.808298150256938,4.129478686590637
2007-10-01,3.547040458223716,4.7,4.76,2.5842470636043835,2.7944163782901654,1.8796714465866948,2.291435522260432,2.657148166818324,2.6738184762487016,2.559878494901735,2.759763084754141,2.3914366248373398,2.054514742382274,2.492651488183384,1.9495743696699819,1.3965314248641114,4.7,4.6,4.7,4.6,4.4,4.5,4.4,4.5,4.6,4.4,4.5,4.4,4.94,5.02,5.26,5.25,5.25,5.25,5.26,5.26,5.25,5.24,5.25,5.25,2.7519055894432043,2.3635966753074555,2.6091066246559436,2.677857645102044,2.9363137883737345,2.8661330965338294,2.4993089506856414,2.5466588717299565,1.6509619589963442,2.1475085785195525,1.6485032252737675,2.808298150256938
2007-11-01,4.2803396582697495,4.7,4.49,3.158361506109486,3.547040458223716,2.7944163782901654,1.8796714465866948,2.291435522260432,2.657148166818324,2.6738184762487016,2.559878494901735,2.759763084754141,2.3914366248373398,2.054514742382274,2.492651488183384,1.9495743696699819,4.7,4.7,4.6,4.7,4.6,4.4,4.5,4.4,4.5,4.6,4.4,4.5,4.76,4.94,5.02,5.26,5.25,5.25,5.25,5.26,5.26,5.25,5.24,5.25,2.5842470636043835,2.7519055894432043,2.3635966753074555,2.6091066246559436,2.677857645102044,2.9363137883737345,2.8661330965338294,2.4993089506856414,2.5466588717299565,1.6509619589963442,2.1475085785195525,1.6485032252737675
2007-12-01,4.026644880051222,5.0,4.24,2.179062867071835,4.2803396582697495,3.547040458223716,2.7944163782901654,1.8796714465866948,2.291435522260432,2.657148166818324,2.6738184762487016,2.559878494901735,2.759763084754141,2.3914366248373398,2.054514742382274,2.492651488183384,4.7,4.7,4.7,4.6,4.7,4.6,4.4,4.5,4.4,4.5,4.6,4.4,4.49,4.76,4.94,5.02,5.26,5.25,5.25,5.25,5.26,5.26,5.25,5.24,3.158361506109486,2.5842470636043835,2.7519055894432043,2.3635966753074555,2.6091066246559436,2.677857645102044,2.9363137883737345,2.8661330965338294,2.4993089506856414,2.5466588717299565,1.6509619589963442,2.1475085785195525
2008-01-01,4.205031811145332,5.0,3.94,2.3855121264066526,4.026644880051222,4.2803396582697495,3.547040458223716,2.7944163782901654,1.8796714465866948,2.291435522260432,2.657148166818324,2.6738184762487016,2.559878494901735,2.759763084754141,2.3914366248373398,2.054514742382274,5.0,4.7,4.7,4.7,4.6,4.7,4.6,4.4,4.5,4.4,4.5,4.6,4.24,4.49,4.76,4.94,5.02,5.26,5.25,5.25,5.25,5.26,5.26,5.25,2.179062867071835,3.158361506109486,2.5842470636043835,2.7519055894432043,2.3635966753074555,2.6091066246559436,2.677857645102044,2.9363137883737345,2.8661330965338294,2.4993089506856414,2.5466588717299565,1.6509619589963442
2008-02-01,4.059437761536788,4.9,2.98,1.0546981058257465,4.205031811145332,4.026644880051222,4.2803396582697495,3.547040458223716,2.7944163782901654,1.8796714465866948,2.291435522260432,2.657148166818324,2.6738184762487016,2.559878494901735,2.759763084754141,2.3914366248373398,5.0,5.0,4.7,4.7,4.7,4.6,4.7,4.6,4.4,4.5,4.4,4.5,3.94,4.24,4.49,4.76,4.94,5.02,5.26,5.25,5.25,5.25,5.26,5.26,2.3855121264066526,2.179062867071835,3.158361506109486,2.5842470636043835,2.7519055894432043,2.3635966753074555,2.6091066246559436,2.677857645102044,2.9363137883737345,2.8661330965338294,2.4993089506856414,2.5466588717299565
2008-03-01,3.8979372014913416,5.1,2.61,0.571787680787228,4.059437761536788,4.205031811145332,4.026644880051222,4.2803396582697495,3.547040458223716,2.7944163782901654,1.8796714465866948,2.291435522260432,2.657148166818324,2.6738184762487016,2.559878494901735,2.759763084754141,4.9,5.0,5.0,4.7,4.7,4.7,4.6,4.7,4.6,4.4,4.5,4.4,2.98,3.94,4.24,4.49,4.76,4.94,5.02,5.26,5.25,5.25,5.25,5.26,1.0546981058257465,2.3855121264066526,2.179062867071835,3.158361506109486,2.5842470636043835,2.7519055894432043,2.3635966753074555,2.6091066246559436,2.677857645102044,2.9363137883737345,2.8661330965338294,2.4993089506856414
2008-04-01,3.8294909498422847,5.0,2.28,-0.7455398884006037,3.8979372014913416,4.059437761536788,4.205031811145332,4.026644880051222,4.2803396582697495,3.547040458223716,2.7944163782901654,1.8796714465866948,2.291435522260432,2.657148166818324,2.6738184762487016,2.559878494901735,5.1,4.9,5.0,5.0,4.7,4.7,4.7,4.6,4.7,4.6,4.4,4.5,2.61,2.98,3.94,4.24,4.49,4.76,4.94,5.02,5.26,5.25,5.25,5.25,0.571787680787228,1.0546981058257465,2.3855121264066526,2.179062867071835,3.158361506109486,2.5842470636043835,2.7519055894432043,2.3635966753074555,2.6091066246559436,2.677857645102044,2.9363137883737345,2.8661330965338294
2008-05-01,4.007048490962273,5.4,1.98,-1.4487525542850044,3.8294909498422847,3.8979372014913416,4.059437761536788,4.205031811145332,4.026644880051222,4.2803396582697495,3.547040458223716,2.7944163782901654,1.8796714465866948,2.291435522260432,2.657148166818324,2.6738184762487016,5.0,5.1,4.9,5.0,5.0,4.7,4.7,4.7,4.6,4.7,4.6,4.4,2.28,2.61,2.98,3.94,4.24,4.49,4.76,4.94,5.02,5.26,5.25,5.25,-0.7455398884006037,0.571787680787228,1.0546981058257465,2.3855121264066526,2.179062867071835,3.158361506109486,2.5842470636043835,2.7519055894432043,2.3635966753074555,2.6091066246559436,2.677857645102044,2.9363137883737345
2008-06-01,4.818013152732981,5.6,2.0,-1.739986064905441,4.007048490962273,3.8294909498422847,3.8979372014913416,4.059437761536788,4.205031811145332,4.026644880051222,4.2803396582697495,3.547040458223716,2.7944163782901654,1.8796714465866948,2.291435522260432,2.657148166818324,5.4,5.0,5.1,4.9,5.0,5.0,4.7,4.7,4.7,4.6,4.7,4.6,1.98,2.28,2.61,2.98,3.94,4.24,4.49,4.76,4.94,5.02,5.26,5.25,-1.4487525542850044,-0.7455398884006037,0.571787680787228,1.0546981058257465,2.3855121264066526,2.179062867071835,3.158361506109486,2.5842470636043835,2.7519055894432043,2.3635966753074555,2.6091066246559436,2.677857645102044
2008-07-01,5.351718445415354,5.8,2.01,-1.9779808004119381,4.818013152732981,4.007048490962273,3.8294909498422847,3.8979372014913416,4.059437761536788,4.205031811145332,4.026644880051222,4.2803396582697495,3.547040458223716,2.7944163782901654,1.8796714465866948,2.291435522260432,5.6,5.4,5.0,5.1,4.9,5.0,5.0,4.7,4.7,4.7,4.6,4.7,2.0,1.98,2.28,2.61,2.98,3.94,4.24,4.49,4.76,4.94,5.02,5.26,-1.739986064905441,-1.4487525542850044,-0.7455398884006037,0.571787680787228,1.0546981058257465,2.3855121264066526,2.179062867071835,3.158361506109486,2.5842470636043835,2.7519055894432043,2.3635966753074555,2.6091066246559436
2008-08-01,5.171936664573984,6.1,2.0,-3.7528263194579026,5.351718445415354,4.818013152732981,4.007048490962273,3.8294909498422847,3.8979372014913416,4.059437761536788,4.205031811145332,4.026644880051222,4.2803396582697495,3.547040458223716,2.7944163782901654,1.8796714465866948,5.8,5.6,5.4,5.0,5.1,4.9,5.0,5.0,4.7,4.7,4.7,4.6,2.01,2.0,1.98,2.28,2.61,2.98,3.94,4.24,4.49,4.76,4.94,5.02,-1.9779808004119381,-1.739986064905441,-1.4487525542850044,-0.7455398884006037,0.571787680787228,1.0546981058257465,2.3855121264066526,2.179062867071835,3.158361506109486,2.5842470636043835,2.7519055894432043,2.3635966753074555
2008-09-01,4.834549269997446,6.1,1.81,-8.479599054855935,5.171936664573984,5.351718445415354,4.818013152732981,4.007048490962273,3.8294909498422847,3.8979372014913416,4.059437761536788,4.205031811145332,4.026644880051222,4.2803396582697495,3.547040458223716,2.7944163782901654,6.1,5.8,5.6,5.4,5.0,5.1,4.9,5.0,5.0,4.7,4.7,4.7,2.0,2.01,2.0,1.98,2.28,2.61,2.98,3.94,4.24,4.49,4.76,4.94,-3.7528263194579026,-1.9779808004119381,-1.739986064905441,-1.4487525542850044,-0.7455398884006037,0.571787680787228,1.0546981058257465,2.3855121264066526,2.179062867071835,3.158361506109486,2.5842470636043835,2.7519055894432043
2008-10-01,3.663138189931736,6.5,0.97,-7.207960872579822,4.834549269997446,5.171936664573984,5.351718445415354,4.818013152732981,4.007048490962273,3.8294909498422847,3.8979372014913416,4.059437761536788,4.205031811145332,4.026644880051222,4.2803396582697495,3.547040458223716,6.1,6.1,5.8,5.6,5.4,5.0,5.1,4.9,5.0,5.0,4.7,4.7,1.81,2.0,2.01,2.0,1.98,2.28,2.61,2.98,3.94,4.24,4.49,4.76,-8.479599054855935,-3.7528263194579026,-1.9779808004119381,-1.739986064905441,-1.4487525542850044,-0.7455398884006037,0.571787680787228,1.0546981058257465,2.3855121264066526,2.179062867071835,3.158361506109486,2.5842470636043835
2008-11-01,1.09391237236256,6.8,0.39,-9.06889735831058,3.663138189931736,4.834549269997446,5.171936664573984,5.351718445415354,4.818013152732981,4.007048490962273,3.8294909498422847,3.8979372014913416,4.059437761536788,4.205031811145332,4.026644880051222,4.2803396582697495,6.5,6.1,6.1,5.8,5.6,5.4,5.0,5.1,4.9,5.0,5.0,4.7,0.97,1.81,2.0,2.01,2.0,1.98,2.28,2.61,2.98,3.94,4.24,4.49,-7.207960872579822,-8.479599054855935,-3.7528263194579026,-1.9779808004119381,-1.739986064905441,-1.4487525542850044,-0.7455398884006037,0.571787680787228,1.0546981058257465,2.3855121264066526,2.179062867071835,3.158361506109486
2008-12-01,-0.022230473340467682,7.3,0.16,-11.964193114332655,1.09391237236256,3.663138189931736,4.834549269997446,5.171936664573984,5.351718445415354,4.818013152732981,4.007048490962273,3.8294909498422847,3.8979372014913416,4.059437761536788,4.205031811145332,4.026644880051222,6.8,6.5,6.1,6.1,5.8,5.6,5.4,5.0,5.1,4.9,5.0,5.0,0.39,0.97,1.81,2.0,2.01,2.0,1.98,2.28,2.61,2.98,3.94,4.24,-9.06889735831058,-7.207960872579822,-8.479599054855935,-3.7528263194579026,-1.9779808004119381,-1.739986064905441,-1.4487525542850044,-0.7455398884006037,0.571787680787228,1.0546981058257465,2.3855121264066526,2.179062867071835
2009-01-01,-0.11365057683114799,7.8,0.15,-14.357673806250126,-0.022230473340467682,1.09391237236256,3.663138189931736,4.834549269997446,5.171936664573984,5.351718445415354,4.818013152732981,4.007048490962273,3.8294909498422847,3.8979372014913416,4.059437761536788,4.205031811145332,7.3,6.8,6.5,6.1,6.1,5.8,5.6,5.4,5.0,5.1,4.9,5.0,0.16,0.39,0.97,1.81,2.0,2.01,2.0,1.98,2.28,2.61,2.98,3.94,-11.964193114332655,-9.06889735831058,-7.207960872579822,-8.479599054855935,-3.7528263194579026,-1.9779808004119381,-1.739986064905441,-1.4487525542850044,-0.7455398884006037,0.571787680787228,1.0546981058257465,2.3855121264066526
2009-02-01,0.008462782567963956,8.3,0.22,-14.57512418138478,-0.11365057683114799,-0.022230473340467682,1.09391237236256,3.663138189931736,4.834549269997446,5.171936664573984,5.351718445415354,4.818013152732981,4.007048490962273,3.8294909498422847,3.8979372014913416,4.059437761536788,7.8,7.3,6.8,6.5,6.1,6.1,5.8,5.6,5.4,5.0,5.1,4.9,0.15,0.16,0.39,0.97,1.81,2.0,2.01,2.0,1.98,2.28,2.61,2.98,-14.357673806250126,-11.964193114332655,-9.06889735831058,-7.207960872579822,-8.479599054855935,-3.7528263194579026,-1.9779808004119381,-1.739986064905441,-1.4487525542850044,-0.7455398884006037,0.571787680787228,1.0546981058257465
2009-03-01,-0.4474784608338389,8.7,0.18,-15.848044863872346,0.008462782567963956,-0.11365057683114799,-0.022230473340467682,1.09391237236256,3.663138189931736,4.834549269997446,5.171936664573984,5.351718445415354,4.818013152732981,4.007048490962273,3.8294909498422847,3.8979372014913416,8.3,7.8,7.3,6.8,6.5,6.1,6.1,5.8,5.6,5.4,5.0,5.1,0.22,0.15,0.16,0.39,0.97,1.81,2.0,2.01,2.0,1.98,2.28,2.61,-14.57512418138478,-14.357673806250126,-11.964193114332655,-9.06889735831058,-7.207960872579822,-8.479599054855935,-3.7528263194579026,-1.9779808004119381,-1.739986064905441,-1.4487525542850044,-0.7455398884006037,0.571787680787228
2009-04-01,-0.5779915821649162,9.0,0.15,-16.033260791166892,-0.4474784608338389,0.008462782567963956,-0.11365057683114799,-0.022230473340467682,1.09391237236256,3.663138189931736,4.834549269997446,5.171936664573984,5.351718445415354,4.818013152732981,4.007048490962273,3.8294909498422847,8.7,8.3,7.8,7.3,6.8,6.5,6.1,6.1,5.8,5.6,5.4,5.0,0.18,0.22,0.15,0.16,0.39,0.97,1.81,2.0,2.01,2.0,1.98,2.28,-15.848044863872346,-14.57512418138478,-14.357673806250126,-11.964193114332655,-9.06889735831058,-7.207960872579822,-8.479599054855935,-3.7528263194579026,-1.9779808004119381,-1.739986064905441,-1.4487525542850044,-0.7455398884006037
2009-05-01,-1.0209555557125327,9.4,0.18,-16.44073136576596,-0.5779915821649162,-0.4474784608338389,0.008462782567963956,-0.11365057683114799,-0.022230473340467682,1.09391237236256,3.663138189931736,4.834549269997446,5.171936664573984,5.351718445415354,4.818013152732981,4.007048490962273,9.0,8.7,8.3,7.8,7.3,6.8,6.5,6.1,6.1,5.8,5.6,5.4,0.15,0.18,0.22,0.15,0.16,0.39,0.97,1.81,2.0,2.01,2.0,1.98,-16.033260791166892,-15.848044863872346,-14.57512418138478,-14.357673806250126,-11.964193114332655,-9.06889735831058,-7.207960872579822,-8.479599054855935,-3.7528263194579026,-1.9779808004119381,-1.739986064905441,-1.4487525542850044
2009-06-01,-1.2367914498850219,9.5,0.21,-16.584776237891408,-1.0209555557125327,-0.5779915821649162,-0.4474784608338389,0.008462782567963956,-0.11365057683114799,-0.022230473340467682,1.09391237236256,3.663138189931736,4.834549269997446,5.171936664573984,5.351718445415354,4.818013152732981,9.4,9.0,8.7,8.3,7.8,7.3,6.8,6.5,6.1,6.1,5.8,5.6,0.18,0.15,0.18,0.22,0.15,0.16,0.39,0.97,1.81,2.0,2.01,2.0,-16.44073136576596,-16.033260791166892,-15.848044863872346,-14.57512418138478,-14.357673806250126,-11.964193114332655,-9.06889735831058,-7.207960872579822,-8.479599054855935,-3.7528263194579026,-1.9779808004119381,-1.739986064905441
2009-07-01,-1.9781989747510664,9.5,0.16,-15.10405954647327,-1.2367914498850219,-1.0209555557125327,-0.5779915821649162,-0.4474784608338389,0.008462782567963956,-0.11365057683114799,-0.022230473340467682,1.09391237236256,3.663138189931736,4.834549269997446,5.171936664573984,5.351718445415354,9.5,9.4,9.0,8.7,8.3,7.8,7.3,6.8,6.5,6.1,6.1,5.8,0.21,0.18,0.15,0.18,0.22,0.15,0.16,0.39,0.97,1.81,2.0,2.01,-16.584776237891408,-16.44073136576596,-16.033260791166892,-15.848044863872346,-14.57512418138478,-14.357673806250126,-11.964193114332655,-9.06889735831058,-7.207960872579822,-8.479599054855935,-3.7528263194579026,-1.9779808004119381
2009-08-01,-1.4949545348335924,9.6,0.16,-12.430889854137384,-1.9781989747510664,-1.2367914498850219,-1.0209555557125327,-0.5779915821649162,-0.4474784608338389,0.008462782567963956,-0.11365057683114799,-0.022230473340467682,1.09391237236256,3.663138189931736,4.834549269997446,5.171936664573984,9.5,9.5,9.4,9.0,8.7,8.3,7.8,7.3,6.8,6.5,6.1,6.1,0.16,0.21,0.18,0.15,0.18,0.22,0.15,0.16,0.39,0.97,1.81,2.0,-15.10405954647327,-16.584776237891408,-16.44073136576596,-16.033260791166892,-15.848044863872346,-14.57512418138478,-14.357673806250126,-11.964193114332655,-9.06889735831058,-7.207960872579822,-8.479599054855935,-3.7528263194579026
2009-09-01,-1.3875246181172862,9.8,0.15,-7.048554700434639,-1.4949545348335924,-1.9781989747510664,-1.2367914498850219,-1.0209555557125327,-0.5779915821649162,-0.4474784608338389,0.008462782567963956,-0.11365057683114799,-0.022230473340467682,1.09391237236256,3.663138189931736,4.834549269997446,9.6,9.5,9.5,9.4,9.0,8.7,8.3,7.8,7.3,6.8,6.5,6.1,0.16,0.16,0.21,0.18,0.15,0.18,0.22,0.15,0.16,0.39,0.97,1.81,-12.430889854137384,-15.10405954647327,-16.584776237891408,-16.44073136576596,-16.033260791166892,-15.848044863872346,-14.57512418138478,-14.357673806250126,-11.964193114332655,-9.06889735831058,-7.207960872579822,-8.479599054855935
2009-10-01,-0.22421947830295608,10.0,0.12,-7.768603596551227,-1.3875246181172862,-1.4949545348335924,-1.9781989747510664,-1.2367914498850219,-1.0209555557125327,-0.5779915821649162,-0.4474784608338389,0.008462782567963956,-0.11365057683114799,-0.022230473340467682,1.09391237236256,3.663138189931736,9.8,9.6,9.5,9.5,9.4,9.0,8.7,8.3,7.8,7.3,6.8,6.5,0.15,0.16,0.16,0.21,0.18,0.15,0.18,0.22,0.15,0.16,0.39,0.97,-7.048554700434639,-12.430889854137384,-15.10405954647327,-16.584776237891408,-16.44073136576596,-16.033260791166892,-15.848044863872346,-14.57512418138478,-14.357673806250126,-11.964193114332655,-9.06889735831058,-7.207960872579822
2009-11-01,1.896489585471972,9.9,0.12,-6.006865768315706,-0.22421947830295608,-1.3875246181172862,-1.4949545348335924,-1.9781989747510664,-1.2367914498850219,-1.0209555557125327,-0.5779915821649162,-0.4474784608338389,0.008462782567963956,-0.11365057683114799,-0.022230473340467682,1.09391237236256,10.0,9.8,9.6,9.5,9.5,9.4,9.0,8.7,8.3,7.8,7.3,6.8,0.12,0.15,0.16,0.16,0.21,0.18,0.15,0.18,0.22,0.15,0.16,0.39,-7.768603596551227,-7.048554700434639,-12.430889854137384,-15.10405954647327,-16.584776237891408,-16.44073136576596,-16.033260791166892,-15.848044863872346,-14.57512418138478,-14.357673806250126,-11.964193114332655,-9.06889735831058
2009-12-01,2.7752542063598895,9.9,0.12,-2.741460081437541,1.896489585471972,-0.22421947830295608,-1.3875246181172862,-1.4949545348335924,-1.9781989747510664,-1.2367914498850219,-1.0209555557125327,-0.5779915821649162,-0.4474784608338389,0.008462782567963956,-0.11365057683114799,-0.022230473340467682,9.9,10.0,9.8,9.6,9.5,9.5,9.4,9.0,8.7,8.3,7.8,7.3,0.12,0.12,0.15,0.16,0.16,0.21,0.18,0.15,0.18,0.22,0.15,0.16,-6.006865768315706,-7.768603596551227,-7.048554700434639,-12.430889854137384,-15.10405954647327,-16.584776237891408,-16.44073136576596,-16.033260791166892,-15.848044863872346,-14.57512418138478,-14.357673806250126,-11.964193114332655
2010-01-01,2.5873489607178612,9.8,0.11,0.8685217984815807,2.7752542063598895,1.896489585471972,-0.22421947830295608,-1.3875246181172862,-1.4949545348335924,-1.9781989747510664,-1.2367914498850219,-1.0209555557125327,-0.5779915821649162,-0.4474784608338389,0.008462782567963956,-0.11365057683114799,9.9,9.9,10.0,9.8,9.6,9.5,9.5,9.4,9.0,8.7,8.3,7.8,0.12,0.12,0.12,0.15,0.16,0.16,0.21,0.18,0.15,0.18,0.22,0.15,-2.741460081437541,-6.006865768315706,-7.768603596551227,-7.048554700434639,-12.430889854137384,-15.10405954647327,-16.584776237891408,-16.44073136576596,-16.033260791166892,-15.848044863872346,-14.57512418138478,-14.357673806250126
2010-02-01,2.1285217498988374,9.8,0.13,1.8535336725393314,2.5873489607178612,2.7752542063598895,1.896489585471972,-0.22421947830295608,-1.3875246181172862,-1.4949545348335924,-1.9781989747510664,-1.2367914498850219,-1.0209555557125327,-0.5779915821649162,-0.4474784608338389,0.008462782567963956,9.8,9.9,9.9,10.0,9.8,9.6,9.5,9.5,9.4,9.0,8.7,8.3,0.11,0.12,0.12,0.12,0.15,0.16,0.16,0.21,0.18,0.15,0.18,0.22,0.8685217984815807,-2.741460081437541,-6.006865768315706,-7.768603596551227,-7.048554700434639,-12.430889854137384,-15.10405954647327,-16.584776237891408,-16.44073136576596,-16.033260791166892,-15.848044863872346,-14.57512418138478
2010-03-01,2.260430128615809,9.9,0.16,4.114839347867694,2.1285217498988374,2.5873489607178612,2.7752542063598895,1.896489585471972,-0.22421947830295608,-1.3875246181172862,-1.4949545348335924,-1.9781989747510664,-1.2367914498850219,-1.0209555557125327,-0.5779915821649162,-0.4474784608338389,9.8,9.8,9.9,9.9,10.0,9.8,9.6,9.5,9.5,9.4,9.0,8.7,0.13,0.11,0.12,0.12,0.12,0.15,0.16,0.16,0.21,0.18,0.15,0.18,1.8535336725393314,0.8685217984815807,-2.741460081437541,-6.006865768315706,-7.768603596551227,-7.048554700434639,-12.430889854137384,-15.10405954647327,-16.584776237891408,-16.44073136576596,-16.033260791166892,-15.848044863872346
2010-04-01,2.1827739611836705,9.9,0.2,5.286006474177807,2.260430128615809,2.1285217498988374,2.5873489607178612,2.7752542063598895,1.896489585471972,-0.22421947830295608,-1.3875246181172862,-1.4949545348335924,-1.9781989747510664,-1.2367914498850219,-1.0209555557125327,-0.5779915821649162,9.9,9.8,9.8,9.9,9.9,10.0,9.8,9.6,9.5,9.5,9.4,9.0,0.16,0.13,0.11,0.12,0.12,0.12,0.15,0.16,0.16,0.21,0.18,0.15,4.114839347867694,1.8535336725393314,0.8685217984815807,-2.741460081437541,-6.006865768315706,-7.768603596551227,-7.048554700434639,-12.430889854137384,-15.10405954647327,-16.584776237891408,-16.44073136576596,-16.033260791166892
2010-05-01,1.983742011461409,9.6,0.2,7.6429507354724535,2.1827739611836705,2.260430128615809,2.1285217498988374,2.5873489607178612,2.7752542063598895,1.896489585471972,-0.22421947830295608,-1.3875246181172862,-1.4949545348335924,-1.9781989747510664,-1.2367914498850219,-1.0209555557125327,9.9,9.9,9.8,9.8,9.9,9.9,10.0,9.8,9.6,9.5,9.5,9.4,0.2,0.16,0.13,0.11,0.12,0.12,0.12,0.15,0.16,0.16,0.21,0.18,5.286006474177807,4.114839347867694,1.8535336725393314,0.8685217984815807,-2.741460081437541,-6.006865768315706,-7.768603596551227,-7.048554700434639,-12.430889854137384,-15.10405954647327,-16.584776237891408,-16.44073136576596
2010-06-01,1.1153177381444834,9.4,0.18,8.205294560772813,1.983742011461409,2.1827739611836705,2.260430128615809,2.1285217498988374,2.5873489607178612,2.7752542063598895,1.896489585471972,-0.22421947830295608,-1.3875246181172862,-1.4949545348335924,-1.9781989747510664,-1.2367914498850219,9.6,9.9,9.9,9.8,9.8,9.9,9.9,10.0,9.8,9.6,9.5,9.5,0.2,0.2,0.16,0.13,0.11,0.12,0.12,0.12,0.15,0.16,0.16,0.21,7.6429507354724535,5.286006474177807,4.114839347867694,1.8535336725393314,0.8685217984815807,-2.741460081437541,-6.006865768315706,-7.768603596551227,-7.048554700434639,-12.430889854137384,-15.10405954647327,-16.584776237891408
2010-07-01,1.3318695897958754,9.4,0.18,7.4615828502203385,1.1153177381444834,1.983742011461409,2.1827739611836705,2.260430128615809,2.1285217498988374,2.5873489607178612,2.7752542063598895,1.896489585471972,-0.22421947830295608,-1.3875246181172862,-1.4949545348335924,-1.9781989747510664,9.4,9.6,9.9,9.9,9.8,9.8,9.9,9.9,10.0,9.8,9.6,9.5,0.18,0.2,0.2,0.16,0.13,0.11,0.12,0.12,0.12,0.15,0.16,0.16,8.205294560772813,7.6429507354724535,5.286006474177807,4.114839347867694,1.8535336725393314,0.8685217984815807,-2.741460081437541,-6.006865768315706,-7.768603596551227,-7.048554700434639,-12.430889854137384,-15.10405954647327
2010-08-01,1.1436132834318435,9.5,0.19,6.736648298075298,1.3318695897958754,1.1153177381444834,1.983742011461409,2.1827739611836705,2.260430128615809,2.1285217498988374,2.5873489607178612,2.7752542063598895,1.896489585471972,-0.22421947830295608,-1.3875246181172862,-1.4949545348335924,9.4,9.4,9.6,9.9,9.9,9.8,9.8,9.9,9.9,10.0,9.8,9.6,0.18,0.18,0.2,0.2,0.16,0.13,0.11,0.12,0.12,0.12,0.15,0.16,7.4615828502203385,8.205294560772813,7.6429507354724535,5.286006474177807,4.114839347867694,1.8535336725393314,0.8685217984815807,-2.741460081437541,-6.006865768315706,-7.768603596551227,-7.048554700434639,-12.430889854137384
2010-09-01,1.1121053678139425,9.5,0.19,6.1534157279157675,1.1436132834318435,1.3318695897958754,1.1153177381444834,1.983742011461409,2.1827739611836705,2.260430128615809,2.1285217498988374,2.5873489607178612,2.7752542063598895,1.896489585471972,-0.22421947830295608,-1.3875246181172862,9.5,9.4,9.4,9.6,9.9,9.9,9.8,9.8,9.9,9.9,10.0,9.8,0.19,0.18,0.18,0.2,0.2,0.16,0.13,0.11,0.12,0.12,0.12,0.15,6.736648298075298,7.4615828502203385,8.205294560772813,7.6429507354724535,5.286006474177807,4.114839347867694,1.8535336725393314,0.8685217984815807,-2.741460081437541,-6.006865768315706,-7.768603596551227,-7.048554700434639
2010-10-01,1.1599417381349397,9.4,0.19,5.600463438698178,1.1121053678139425,1.1436132834318435,1.3318695897958754,1.1153177381444834,1.983742011461409,2.1827739611836705,2.260430128615809,2.1285217498988374,2.5873489607178612,2.7752542063598895,1.896489585471972,-0.22421947830295608,9.5,9.5,9.4,9.4,9.6,9.9,9.9,9.8,9.8,9.9,9.9,10.0,0.19,0.19,0.18,0.18,0.2,0.2,0.16,0.13,0.11,0.12,0.12,0.12,6.1534157279157675,6.736648298075298,7.4615828502203385,8.205294560772813,7.6429507354724535,5.286006474177807,4.114839347867694,1.8535336725393314,0.8685217984815807,-2.741460081437541,-6.006865768315706,-7.768603596551227
2010-11-01,1.0787057695652358,9.8,0.19,5.2545093717831115,1.1599417381349397,1.1121053678139425,1.1436132834318435,1.3318695897958754,1.1153177381444834,1.983742011461409,2.1827739611836705,2.260430128615809,2.1285217498988374,2.5873489607178612,2.7752542063598895,1.896489585471972,9.4,9.5,9.5,9.4,9.4,9.6,9.9,9.9,9.8,9.8,9.9,9.9,0.19,0.19,0.19,0.18,0.18,0.2,0.2,0.16,0.13,0.11,0.12,0.12,5.600463438698178,6.1534157279157675,6.736648298075298,7.4615828502203385,8.205294560772813,7.6429507354724535,5.286006474177807,4.114839347867694,1.8535336725393314,0.8685217984815807,-2.741460081437541,-6.006865768315706
2010-12-01,1.4275547979703873,9.3,0.18,5.823306283773544,1.0787057695652358,1.1599417381349397,1.1121053678139425,1.1436132834318435,1.3318695897958754,1.1153177381444834,1.983742011461409,2.1827739611836705,2.260430128615809,2.1285217498988374,2.5873489607178612,2.7752542063598895,9.8,9.4,9.5,9.5,9.4,9.4,9.6,9.9,9.9,9.8,9.8,9.9,0.19,0.19,0.19,0.19,0.18,0.18,0.2,0.2,0.16,0.13,0.11,0.12,5.2545093717831115,5.600463438698178,6.1534157279157675,6.736648298075298,7.4615828502203385,8.205294560772813,7.6429507354724535,5.286006474177807,4.114839347867694,1.8535336725393314,0.8685217984815807,-2.741460081437541
2011-01-01,1.6864820984663353,9.1,0.17,4.528406821775821,1.4275547979703873,1.0787057695652358,1.1599417381349397,1.1121053678139425,1.1436132834318435,1.3318695897958754,1.1153177381444834,1.983742011461409,2.1827739611836705,2.260430128615809,2.1285217498988374,2.5873489607178612,9.3,9.8,9.4,9.5,9.5,9.4,9.4,9.6,9.9,9.9,9.8,9.8,0.18,0.19,0.19,0.19,0.19,0.18,0.18,0.2,0.2,0.16,0.13,0.11,5.823306283773544,5.2545093717831115,5.600463438698178,6.1534157279157675,6.736648298075298,7.4615828502203385,8.205294560772813,7.6429507354724535,5.286006474177807,4.114839347867694,1.8535336725393314,0.8685217984815807
2011-02-01,2.1026370112833703,9.0,0.16,3.7559375997720856,1.6864820984663353,1.4275547979703873,1.0787057695652358,1.1599417381349397,1.1121053678139425,1.1436132834318435,1.3318695897958754,1.1153177381444834,1.983742011461409,2.1827739611836705,2.260430128615809,2.1285217498988374,9.1,9.3,9.8,9.4,9.5,9.5,9.4,9.4,9.6,9.9,9.9,9.8,0.17,0.18,0.19,0.19,0.19,0.19,0.18,0.18,0.2,0.2,0.16,0.13,4.528406821775821,5.823306283773544,5.2545093717831115,5.600463438698178,6.1534157279157675,6.736648298075298,7.4615828502203385,8.205294560772813,7.6429507354724535,5.286006474177807,4.114839347867694,1.8535336725393314
2011-03-01,2.5855268252593433,9.0,0.14,4.107500594219982,2.1026370112833703,1.6864820984663353,1.4275547979703873,1.0787057695652358,1.1599417381349397,1.1121053678139425,1.1436132834318435,1.3318695897958754,1.1153177381444834,1.983742011461409,2.1827739611836705,2.260430128615809,9.0,9.1,9.3,9.8,9.4,9.5,9.5,9.4,9.4,9.6,9.9,9.9,0.16,0.17,0.18,0.19,0.19,0.19,0.19,0.18,0.18,0.2,0.2,0.16,3.7559375997720856,4.528406821775821,5.823306283773544,5.2545093717831115,5.600463438698178,6.1534157279157675,6.736648298075298,7.4615828502203385,8.205294560772813,7.6429507354724535,5.286006474177807,4.114839347867694
2011-04-01,3.0308370223773196,9.1,0.1,3.4452950360325474,2.5855268252593433,2.1026370112833703,1.6864820984663353,1.4275547979703873,1.0787057695652358,1.1599417381349397,1.1121053678139425,1.1436132834318435,1.3318695897958754,1.1153177381444834,1.983742011461409,2.1827739611836705,9.0,9.0,9.1,9.3,9.8,9.4,9.5,9.5,9.4,9.4,9.6,9.9,0.14,0.16,0.17,0.18,0.19,0.19,0.19,0.19,0.18,0.18,0.2,0.2,4.107500594219982,3.7559375997720856,4.528406821775821,5.823306283773544,5.2545093717831115,5.600463438698178,6.1534157279157675,6.736648298075298,7.4615828502203385,8.205294560772813,7.6429507354724535,5.286006474177807
2011-05-01,3.4004941179468062,9.0,0.09,2.2239771612835746,3.0308370223773196,2.5855268252593433,2.1026370112833703,1.6864820984663353,1.4275547979703873,1.0787057695652358,1.1599417381349397,1.1121053678139425,1.1436132834318435,1.3318695897958754,1.1153177381444834,1.983742011461409,9.1,9.0,9.0,9.1,9.3,9.8,9.4,9.5,9.5,9.4,9.4,9.6,0.1,0.14,0.16,0.17,0.18,0.19,0.19,0.19,0.19,0.18,0.18,0.2,3.4452950360325474,4.107500594219982,3.7559375997720856,4.528406821775821,5.823306283773544,5.2545093717831115,5.600463438698178,6.1534157279157675,6.736648298075298,7.4615828502203385,8.205294560772813,7.6429507354724535
2011-06-01,3.442382405719613,9.1,0.09,2.341258436576954,3.4004941179468062,3.0308370223773196,2.5855268252593433,2.1026370112833703,1.6864820984663353,1.4275547979703873,1.0787057695652358,1.1599417381349397,1.1121053678139425,1.1436132834318435,1.3318695897958754,1.1153177381444834,9.0,9.1,9.0,9.0,9.1,9.3,9.8,9.4,9.5,9.5,9.4,9.4,0.09,0.1,0.14,0.16,0.17,0.18,0.19,0.19,0.19,0.19,0.18,0.18,2.2239771612835746,3.4452950360325474,4.107500594219982,3.7559375997720856,4.528406821775821,5.823306283773544,5.2545093717831115,5.600463438698178,6.1534157279157675,6.736648298075298,7.4615828502203385,8.205294560772813
2011-07-01,3.517292591450172,9.0,0.07,2.4537794489509324,3.442382405719613,3.4004941179468062,3.0308370223773196,2.5855268252593433,2.1026370112833703,1.6864820984663353,1.4275547979703873,1.0787057695652358,1.1599417381349397,1.1121053678139425,1.1436132834318435,1.3318695897958754,9.1,9.0,9.1,9.0,9.0,9.1,9.3,9.8,9.4,9.5,9.5,9.4,0.09,0.09,0.1,0.14,0.16,0.17,0.18,0.19,0.19,0.19,0.19,0.18,2.341258436576954,2.2239771612835746,3.4452950360325474,4.107500594219982,3.7559375997720856,4.528406821775821,5.823306283773544,5.2545093717831115,5.600463438698178,6.1534157279157675,6.736648298075298,7.4615828502203385
2011-08-01,3.6862126476173707,9.0,0.1,2.760830270926018,3.517292591450172,3.442382405719613,3.4004941179468062,3.0308370223773196,2.5855268252593433,2.1026370112833703,1.6864820984663353,1.4275547979703873,1.0787057695652358,1.1599417381349397,1.1121053678139425,1.1436132834318435,9.0,9.1,9.0,9.1,9.0,9.0,9.1,9.3,9.8,9.4,9.5,9.5,0.07,0.09,0.09,0.1,0.14,0.16,0.17,0.18,0.19,0.19,0.19,0.19,2.4537794489509324,2.341258436576954,2.2239771612835746,3.4452950360325474,4.107500594219982,3.7559375997720856,4.528406821775821,5.823306283773544,5.2545093717831115,5.600463438698178,6.1534157279157675,6.736648298075298
2011-09-01,3.7417373621400074,9.0,0.08,2.383745484891975,3.6862126476173707,3.517292591450172,3.442382405719613,3.4004941179468062,3.0308370223773196,2.5855268252593433,2.1026370112833703,1.6864820984663353,1.4275547979703873,1.0787057695652358,1.1599417381349397,1.1121053678139425,9.0,9.0,9.1,9.0,9.1,9.0,9.0,9.1,9.3,9.8,9.4,9.5,0.1,0.07,0.09,0.09,0.1,0.14,0.16,0.17,0.18,0.19,0.19,0.19,2.760830270926018,2.4537794489509324,2.341258436576954,2.2239771612835746,3.4452950360325474,4.107500594219982,3.7559375997720856,4.528406821775821,5.823306283773544,5.2545093717831115,5.600463438698178,6.1534157279157675
2011-10-01,3.4616554596579974,8.8,0.07,3.35915826812494,3.7417373621400074,3.6862126476173707,3.517292591450172,3.442382405719613,3.4004941179468062,3.0308370223773196,2.5855268252593433,2.1026370112833703,1.6864820984663353,1.4275547979703873,1.0787057695652358,1.1599417381349397,9.0,9.0,9.0,9.1,9.0,9.1,9.0,9.0,9.1,9.3,9.8,9.4,0.08,0.1,0.07,0.09,0.09,0.1,0.14,0.16,0.17,0.18,0.19,0.19,2.383745484891975,2.760830270926018,2.4537794489509324,2.341258436576954,2.2239771612835746,3.4452950360325474,4.107500594219982,3.7559375997720856,4.528406821775821,5.823306283773544,5.2545093717831115,5.600463438698178
2011-11-01,3.3932062617840764,8.6,0.08,3.263580688671386,3.4616554596579974,3.7417373621400074,3.6862126476173707,3.517292591450172,3.442382405719613,3.4004941179468062,3.0308370223773196,2.5855268252593433,2.1026370112833703,1.6864820984663353,1.4275547979703873,1.0787057695652358,8.8,9.0,9.0,9.0,9.1,9.0,9.1,9.0,9.0,9.1,9.3,9.8,0.07,0.08,0.1,0.07,0.09,0.09,0.1,0.14,0.16,0.17,0.18,0.19,3.35915826812494,2.383745484891975,2.760830270926018,2.4537794489509324,2.341258436576954,2.2239771612835746,3.4452950360325474,4.107500594219982,3.7559375997720856,4.528406821775821,5.823306283773544,5.2545093717831115
2011-12-01,3.01612114209604,8.5,0.07,2.819023965349743,3.3932062617840764,3.4616554596579974,3.7417373621400074,3.6862126476173707,3.517292591450172,3.442382405719613,3.4004941179468062,3.0308370223773196,2.5855268252593433,2.1026370112833703,1.6864820984663353,1.4275547979703873,8.6,8.8,9.0,9.0,9.0,9.1,9.0,9.1,9.0,9.0,9.1,9.3,0.08,0.07,0.08,0.1,0.07,0.09,0.09,0.1,0.14,0.16,0.17,0.18,3.263580688671386,3.35915826812494,2.383745484891975,2.760830270926018,2.4537794489509324,2.341258436576954,2.2239771612835746,3.4452950360325474,4.107500594219982,3.7559375997720856,4.528406821775821,5.823306283773544
2012-01-01,2.9643908697416066,8.3,0.08,3.624515241016457,3.01612114209604,3.3932062617840764,3.4616554596579974,3.7417373621400074,3.6862126476173707,3.517292591450172,3.442382405719613,3.4004941179468062,3.0308370223773196,2.5855268252593433,2.1026370112833703,1.6864820984663353,8.5,8.6,8.8,9.0,9.0,9.0,9.1,9.0,9.1,9.0,9.0,9.1,0.07,0.08,0.07,0.08,0.1,0.07,0.09,0.09,0.1,0.14,0.16,0.17,2.819023965349743,3.263580688671386,3.35915826812494,2.383745484891975,2.760830270926018,2.4537794489509324,2.341258436576954,2.2239771612835746,3.4452950360325474,4.107500594219982,3.7559375997720856,4.528406821775821
2012-02-01,2.856975448285848,8.3,0.1,4.34344043233974,2.9643908697416066,3.01612114209604,3.3932062617840764,3.4616554596579974,3.7417373621400074,3.6862126476173707,3.517292591450172,3.442382405719613,3.4004941179468062,3.0308370223773196,2.5855268252593433,2.1026370112833703,8.3,8.5,8.6,8.8,9.0,9.0,9.0,9.1,9.0,9.1,9.0,9.0,0.08,0.07,0.08,0.07,0.08,0.1,0.07,0.09,0.09,0.1,0.14,0.16,3.624515241016457,2.819023965349743,3.263580688671386,3.35915826812494,2.383745484891975,2.760830270926018,2.4537794489509324,2.341258436576954,2.2239771612835746,3.4452950360325474,4.107500594219982,3.7559375997720856
2012-03-01,2.55008252286002,8.2,0.13,2.789423842790839,2.856975448285848,2.9643908697416066,3.01612114209604,3.3932062617840764,3.4616554596579974,3.7417373621400074,3.6862126476173707,3.517292591450172,3.442382405719613,3.4004941179468062,3.0308370223773196,2.5855268252593433,8.3,8.3,8.5,8.6,8.8,9.0,9.0,9.0,9.1,9.0,9.1,9.0,0.1,0.08,0.07,0.08,0.07,0.08,0.1,0.07,0.09,0.09,0.1,0.14,4.34344043233974,3.624515241016457,2.819023965349743,3.263580688671386,3.35915826812494,2.383745484891975,2.760830270926018,2.4537794489509324,2.341258436576954,2.2239771612835746,3.4452950360325474,4.107500594219982
2012-04-01,2.2477119945619073,8.2,0.14,3.829749631553536,2.55008252286002,2.856975448285848,2.9643908697416066,3.01612114209604,3.3932062617840764,3.4616554596579974,3.7417373621400074,3.6862126476173707,3.517292591450172,3.442382405719613,3.4004941179468062,3.0308370223773196,8.2,8.3,8.3,8.5,8.6,8.8,9.0,9.0,9.0,9.1,9.0,9.1,0.13,0.1,0.08,0.07,0.08,0.07,0.08,0.1,0.07,0.09,0.09,0.1,2.789423842790839,4.34344043233974,3.624515241016457,2.819023965349743,3.263580688671386,3.35915826812494,2.383745484891975,2.760830270926018,2.4537794489509324,2.341258436576954,2.2239771612835746,3.4452950360325474
2012-05-01,1.7230134384217166,8.2,0.16,3.9398691716652223,2.2477119945619073,2.55008252286002,2.856975448285848,2.9643908697416066,3.01612114209604,3.3932062617840764,3.4616554596579974,3.7417373621400074,3.6862126476173707,3.517292591450172,3.442382405719613,3.4004941179468062,8.2,8.2,8.3,8.3,8.5,8.6,8.8,9.0,9.0,9.0,9.1,9.0,0.14,0.13,0.1,0.08,0.07,0.08,0.07,0.08,0.1,0.07,0.09,0.09,3.829749631553536,2.789423842790839,4.34344043233974,3.624515241016457,2.819023965349743,3.263580688671386,3.35915826812494,2.383745484891975,2.760830270926018,2.4537794489509324,2.341258436576954,2.2239771612835746
2012-06-01,1.6403429586643092,8.2,0.16,3.6433668592995794,1.7230134384217166,2.2477119945619073,2.55008252286002,2.856975448285848,2.9643908697416066,3.01612114209604,3.3932062617840764,3.4616554596579974,3.7417373621400074,3.6862126476173707,3.517292591450172,3.442382405719613,8.2,8.2,8.2,8.3,8.3,8.5,8.6,8.8,9.0,9.0,9.0,9.1,0.16,0.14,0.13,0.1,0.08,0.07,0.08,0.07,0.08,0.1,0.07,0.09,3.9398691716652223,3.829749631553536,2.789423842790839,4.34344043233974,3.624515241016457,2.819023965349743,3.263580688671386,3.35915826812494,2.383745484891975,2.760830270926018,2.4537794489509324,2.341258436576954
2012-07-01,1.407558729848013,8.2,0.16,3.3615396925799956,1.6403429586643092,1.7230134384217166,2.2477119945619073,2.55008252286002,2.856975448285848,2.9643908697416066,3.01612114209604,3.3932062617840764,3.4616554596579974,3.7417373621400074,3.6862126476173707,3.517292591450172,8.2,8.2,8.2,8.2,8.3,8.3,8.5,8.6,8.8,9.0,9.0,9.0,0.16,0.16,0.14,0.13,0.1,0.08,0.07,0.08,0.07,0.08,0.1,0.07,3.6433668592995794,3.9398691716652223,3.829749631553536,2.789423842790839,4.34344043233974,3.624515241016457,2.819023965349743,3.263580688671386,3.35915826812494,2.383745484891975,2.760830270926018,2.4537794489509324
2012-08-01,1.67188077526923,8.1,0.13,2.259868264004794,1.407558729848013,1.6403429586643092,1.7230134384217166,2.2477119945619073,2.55008252286002,2.856975448285848,2.9643908697416066,3.01612114209604,3.3932062617840764,3.4616554596579974,3.7417373621400074,3.6862126476173707,8.2,8.2,8.2,8.2,8.2,8.3,8.3,8.5,8.6,8.8,9.0,9.0,0.16,0.16,0.16,0.14,0.13,0.1,0.08,0.07,0.08,0.07,0.08,0.1,3.3615396925799956,3.6433668592995794,3.9398691716652223,3.829749631553536,2.789423842790839,4.34344043233974,3.624515241016457,2.819023965349743,3.263580688671386,3.35915826812494,2.383745484891975,2.760830270926018
2012-09-01,1.9309534160266928,7.8,0.14,2.269214517929452,1.67188077526923,1.407558729848013,1.6403429586643092,1.7230134384217166,2.2477119945619073,2.55008252286002,2.856975448285848,2.9643908697416066,3.01612114209604,3.3932062617840764,3.4616554596579974,3.7417373621400074,8.1,8.2,8.2,8.2,8.2,8.2,8.3,8.3,8.5,8.6,8.8,9.0,0.13,0.16,0.16,0.16,0.14,0.13,0.1,0.08,0.07,0.08,0.07,0.08,2.259868264004794,3.3615396925799956,3.6433668592995794,3.9398691716652223,3.829749631553536,2.789423842790839,4.34344043233974,3.624515241016457,2.819023965349743,3.263580688671386,3.35915826812494,2.383745484891975
2012-10-01,2.1327719237691944,7.8,0.16,1.9243671881246094,1.9309534160266928,1.67188077526923,1.407558729848013,1.6403429586643092,1.7230134384217166,2.2477119945619073,2.55008252286002,2.856975448285848,2.9643908697416066,3.01612114209604,3.3932062617840764,3.4616554596579974,7.8,8.1,8.2,8.2,8.2,8.2,8.2,8.3,8.3,8.5,8.6,8.8,0.14,0.13,0.16,0.16,0.16,0.14,0.13,0.1,0.08,0.07,0.08,0.07,2.269214517929452,2.259868264004794,3.3615396925799956,3.6433668592995794,3.9398691716652223,3.829749631553536,2.789423842790839,4.34344043233974,3.624515241016457,2.819023965349743,3.263580688671386,3.35915826812494
2012-11-01,1.7800818183119738,7.7,0.16,2.2991201751311863,2.1327719237691944,1.9309534160266928,1.67188077526923,1.407558729848013,1.6403429586643092,1.7230134384217166,2.2477119945619073,2.55008252286002,2.856975448285848,2.9643908697416066,3.01612114209604,3.3932062617840764,7.8,7.8,8.1,8.2,8.2,8.2,8.2,8.2,8.3,8.3,8.5,8.6,0.16,0.14,0.13,0.16,0.16,0.16,0.14,0.13,0.1,0.08,0.07,0.08,1.9243671881246094,2.269214517929452,2.259868264004794,3.3615396925799956,3.6433668592995794,3.9398691716652223,3.829749631553536,2.789423842790839,4.34344043233974,3.624515241016457,2.819023965349743,3.263580688671386
2012-12-01,1.74420490055045,7.9,0.16,2.006568675034348,1.7800818183119738,2.1327719237691944,1.9309534160266928,1.67188077526923,1.407558729848013,1.6403429586643092,1.7230134384217166,2.2477119945619073,2.55008252286002,2.856975448285848,2.9643908697416066,3.01612114209604,7.7,7.8,7.8,8.1,8.2,8.2,8.2,8.2,8.2,8.3,8.3,8.5,0.16,0.16,0.14,0.13,0.16,0.16,0.16,0.14,0.13,0.1,0.08,0.07,2.2991201751311863,1.9243671881246094,2.269214517929452,2.259868264004794,3.3615396925799956,3.6433668592995794,3.9398691716652223,3.829749631553536,2.789423842790839,4.34344043233974,3.624515241016457,2.819023965349743
2013-01-01,1.6700386614722618,8.0,0.14,1.4364242757962664,1.74420490055045,1.7800818183119738,2.1327719237691944,1.9309534160266928,1.67188077526923,1.407558729848013,1.6403429586643092,1.7230134384217166,2.2477119945619073,2.55008252286002,2.856975448285848,2.9643908697416066,7.9,7.7,7.8,7.8,8.1,8.2,8.2,8.2,8.2,8.2,8.3,8.3,0.16,0.16,0.16,0.14,0.13,0.16,0.16,0.16,0.14,0.13,0.1,0.08,2.006568675034348,2.2991201751311863,1.9243671881246094,2.269214517929452,2.259868264004794,3.3615396925799956,3.6433668592995794,3.9398691716652223,3.829749631553536,2.789423842790839,4.34344043233974,3.624515241016457
2013-02-01,1.9980459426809816,7.7,0.15,1.5819744153002802,1.6700386614722618,1.74420490055045,1.7800818183119738,2.1327719237691944,1.9309534160266928,1.67188077526923,1.407558729848013,1.6403429586643092,1.7230134384217166,2.2477119945619073,2.55008252286002,2.856975448285848,8.0,7.9,7.7,7.8,7.8,8.1,8.2,8.2,8.2,8.2,8.2,8.3,0.14,0.16,0.16,0.16,0.14,0.13,0.16,0.16,0.16,0.14,0.13,0.1,1.4364242757962664,2.006568675034348,2.2991201751311863,1.9243671881246094,2.269214517929452,2.259868264004794,3.3615396925799956,3.6433668592995794,3.9398691716652223,3.829749631553536,2.789423842790839,4.34344043233974
2013-03-01,1.5073297321459123,7.5,0.14,2.5031406628013286,1.9980459426809816,1.6700386614722618,1.74420490055045,1.7800818183119738,2.1327719237691944,1.9309534160266928,1.67188077526923,1.407558729848013,1.6403429586643092,1.7230134384217166,2.2477119945619073,2.55008252286002,7.7,8.0,7.9,7.7,7.8,7.8,8.1,8.2,8.2,8.2,8.2,8.2,0.15,0.14,0.16,0.16,0.16,0.14,0.13,0.16,0.16,0.16,0.14,0.13,1.5819744153002802,1.4364242757962664,2.006568675034348,2.2991201751311863,1.9243671881246094,2.269214517929452,2.259868264004794,3.3615396925799956,3.6433668592995794,3.9398691716652223,3.829749631553536,2.789423842790839
2013-04-01,1.1323724421044012,7.6,0.15,1.700030359718685,1.5073297321459123,1.9980459426809816,1.6700386614722618,1.74420490055045,1.7800818183119738,2.1327719237691944,1.9309534160266928,1.67188077526923,1.407558729848013,1.6403429586643092,1.7230134384217166,2.2477119945619073,7.5,7.7,8.0,7.9,7.7,7.8,7.8,8.1,8.2,8.2,8.2,8.2,0.14,0.15,0.14,0.16,0.16,0.16,0.14,0.13,0.16,0.16,0.16,0.14,2.5031406628013286,1.5819744153002802,1.4364242757962664,2.006568675034348,2.2991201751311863,1.9243671881246094,2.269214517929452,2.259868264004794,3.3615396925799956,3.6433668592995794,3.9398691716652223,3.829749631553536
2013-05-01,1.3808115942114618,7.5,0.11,1.5474428494752779,1.1323724421044012,1.5073297321459123,1.9980459426809816,1.6700386614722618,1.74420490055045,1.7800818183119738,2.1327719237691944,1.9309534160266928,1.67188077526923,1.407558729848013,1.6403429586643092,1.7230134384217166,7.6,7.5,7.7,8.0,7.9,7.7,7.8,7.8,8.1,8.2,8.2,8.2,0.15,0.14,0.15,0.14,0.16,0.16,0.16,0.14,0.13,0.16,0.16,0.16,1.700030359718685,2.5031406628013286,1.5819744153002802,1.4364242757962664,2.006568675034348,2.2991201751311863,1.9243671881246094,2.269214517929452,2.259868264004794,3.3615396925799956,3.6433668592995794,3.9398691716652223
2013-06-01,1.7012400261643634,7.5,0.09,1.7491920487344714,1.3808115942114618,1.1323724421044012,1.5073297321459123,1.9980459426809816,1.6700386614722618,1.74420490055045,1.7800818183119738,2.1327719237691944,1.9309534160266928,1.67188077526923,1.407558729848013,1.6403429586643092,7.5,7.6,7.5,7.7,8.0,7.9,7.7,7.8,7.8,8.1,8.2,8.2,0.11,0.15,0.14,0.15,0.14,0.16,0.16,0.16,0.14,0.13,0.16,0.16,1.5474428494752779,1.700030359718685,2.5031406628013286,1.5819744153002802,1.4364242757962664,2.006568675034348,2.2991201751311863,1.9243671881246094,2.269214517929452,2.259868264004794,3.3615396925799956,3.6433668592995794
2013-07-01,1.8679171018338714,7.3,0.09,1.2288384241451844,1.7012400261643634,1.3808115942114618,1.1323724421044012,1.5073297321459123,1.9980459426809816,1.6700386614722618,1.74420490055045,1.7800818183119738,2.1327719237691944,1.9309534160266928,1.67188077526923,1.407558729848013,7.5,7.5,7.6,7.5,7.7,8.0,7.9,7.7,7.8,7.8,8.1,8.2,0.09,0.11,0.15,0.14,0.15,0.14,0.16,0.16,0.16,0.14,0.13,0.16,1.7491920487344714,1.5474428494752779,1.700030359718685,2.5031406628013286,1.5819744153002802,1.4364242757962664,2.006568675034348,2.2991201751311863,1.9243671881246094,2.269214517929452,2.259868264004794,3.3615396925799956
2013-08-01,1.5270898906586616,7.2,0.08,2.2342116950285984,1.8679171018338714,1.7012400261643634,1.3808115942114618,1.1323724421044012,1.5073297321459123,1.9980459426809816,1.6700386614722618,1.74420490055045,1.7800818183119738,2.1327719237691944,1.9309534160266928,1.67188077526923,7.3,7.5,7.5,7.6,7.5,7.7,8.0,7.9,7.7,7.8,7.8,8.1,0.09,0.09,0.11,0.15,0.14,0.15,0.14,0.16,0.16,0.16,0.14,0.13,1.2288384241451844,1.7491920487344714,1.5474428494752779,1.700030359718685,2.5031406628013286,1.5819744153002802,1.4364242757962664,2.006568675034348,2.2991201751311863,1.9243671881246094,2.269214517929452,2.259868264004794
2013-09-01,1.088785270925996,7.2,0.08,2.814777157659254,1.5270898906586616,1.8679171018338714,1.7012400261643634,1.3808115942114618,1.1323724421044012,1.5073297321459123,1.9980459426809816,1.6700386614722618,1.74420490055045,1.7800818183119738,2.1327719237691944,1.9309534160266928,7.2,7.3,7.5,7.5,7.6,7.5,7.7,8.0,7.9,7.7,7.8,7.8,0.08,0.09,0.09,0.11,0.15,0.14,0.15,0.14,0.16,0.16,0.16,0.14,2.2342116950285984,1.2288384241451844,1.7491920487344714,1.5474428494752779,1.700030359718685,2.5031406628013286,1.5819744153002802,1.4364242757962664,2.006568675034348,2.2991201751311863,1.9243671881246094,2.269214517929452
2013-10-01,0.8729775818349772,7.2,0.09,2.389076693166725,1.088785270925996,1.5270898906586616,1.8679171018338714,1.7012400261643634,1.3808115942114618,1.1323724421044012,1.5073297321459123,1.9980459426809816,1.6700386614722618,1.74420490055045,1.7800818183119738,2.1327719237691944,7.2,7.2,7.3,7.5,7.5,7.6,7.5,7.7,8.0,7.9,7.7,7.8,0.08,0.08,0.09,0.09,0.11,0.15,0.14,0.15,0.14,0.16,0.16,0.16,2.814777157659254,2.2342116950285984,1.2288384241451844,1.7491920487344714,1.5474428494752779,1.700030359718685,2.5031406628013286,1.5819744153002802,1.4364242757962664,2.006568675034348,2.2991201751311863,1.9243671881246094
2013-11-01,1.2253322438004588,6.9,0.08,2.256318831125359,0.8729775818349772,1.088785270925996,1.5270898906586616,1.8679171018338714,1.7012400261643634,1.3808115942114618,1.1323724421044012,1.5073297321459123,1.9980459426809816,1.6700386614722618,1.74420490055045,1.7800818183119738,7.2,7.2,7.2,7.3,7.5,7.5,7.6,7.5,7.7,8.0,7.9,7.7,0.09,0.08,0.08,0.09,0.09,0.11,0.15,0.14,0.15,0.14,0.16,0.16,2.389076693166725,2.814777157659254,2.2342116950285984,1.2288384241451844,1.7491920487344714,1.5474428494752779,1.700030359718685,2.5031406628013286,1.5819744153002802,1.4364242757962664,2.006568675034348,2.2991201751311863
2013-12-01,1.5015090867017022,6.7,0.09,2.220507312477338,1.2253322438004588,0.8729775818349772,1.088785270925996,1.5270898906586616,1.8679171018338714,1.7012400261643634,1.3808115942114618,1.1323724421044012,1.5073297321459123,1.9980459426809816,1.6700386614722618,1.74420490055045,6.9,7.2,7.2,7.2,7.3,7.5,7.5,7.6,7.5,7.7,8.0,7.9,0.08,0.09,0.08,0.08,0.09,0.09,0.11,0.15,0.14,0.15,0.14,0.16,2.256318831125359,2.389076693166725,2.814777157659254,2.2342116950285984,1.2288384241451844,1.7491920487344714,1.5474428494752779,1.700030359718685,2.5031406628013286,1.5819744153002802,1.4364242757962664,2.006568675034348
2014-01-01,1.545750281811209,6.6,0.07,1.8396027756541145,1.5015090867017022,1.2253322438004588,0.8729775818349772,1.088785270925996,1.5270898906586616,1.8679171018338714,1.7012400261643634,1.3808115942114618,1.1323724421044012,1.5073297321459123,1.9980459426809816,1.6700386614722618,6.7,6.9,7.2,7.2,7.2,7.3,7.5,7.5,7.6,7.5,7.7,8.0,0.09,0.08,0.09,0.08,0.08,0.09,0.09,0.11,0.15,0.14,0.15,0.14,2.220507312477338,2.256318831125359,2.389076693166725,2.814777157659254,2.2342116950285984,1.2288384241451844,1.7491920487344714,1.5474428494752779,1.700030359718685,2.5031406628013286,1.5819744153002802,1.4364242757962664
2014-02-01,1.1142438176857894,6.7,0.07,2.1258528614825245,1.545750281811209,1.5015090867017022,1.2253322438004588,0.8729775818349772,1.088785270925996,1.5270898906586616,1.8679171018338714,1.7012400261643634,1.3808115942114618,1.1323724421044012,1.5073297321459123,1.9980459426809816,6.6,6.7,6.9,7.2,7.2,7.2,7.3,7.5,7.5,7.6,7.5,7.7,0.07,0.09,0.08,0.09,0.08,0.08,0.09,0.09,0.11,0.15,0.14,0.15,1.8396027756541145,2.220507312477338,2.256318831125359,2.389076693166725,2.814777157659254,2.2342116950285984,1.2288384241451844,1.7491920487344714,1.5474428494752779,1.700030359718685,2.5031406628013286,1.5819744153002802
2014-03-01,1.5998291291059452,6.7,0.08,2.6876646038310525,1.1142438176857894,1.545750281811209,1.5015090867017022,1.2253322438004588,0.8729775818349772,1.088785270925996,1.5270898906586616,1.8679171018338714,1.7012400261643634,1.3808115942114618,1.1323724421044012,1.5073297321459123,6.7,6.6,6.7,6.9,7.2,7.2,7.2,7.3,7.5,7.5,7.6,7.5,0.07,0.07,0.09,0.08,0.09,0.08,0.08,0.09,0.09,0.11,0.15,0.14,2.1258528614825245,1.8396027756541145,2.220507312477338,2.256318831125359,2.389076693166725,2.814777157659254,2.2342116950285984,1.2288384241451844,1.7491920487344714,1.5474428494752779,1.700030359718685,2.5031406628013286
2014-04-01,1.995090359296281,6.2,0.09,2.870719305970315,1.5998291291059452,1.1142438176857894,1.545750281811209,1.5015090867017022,1.2253322438004588,0.8729775818349772,1.088785270925996,1.5270898906586616,1.8679171018338714,1.7012400261643634,1.3808115942114618,1.1323724421044012,6.7,6.7,6.6,6.7,6.9,7.2,7.2,7.2,7.3,7.5,7.5,7.6,0.08,0.07,0.07,0.09,0.08,0.09,0.08,0.08,0.09,0.09,0.11,0.15,2.6876646038310525,2.1258528614825245,1.8396027756541145,2.220507312477338,2.256318831125359,2.389076693166725,2.814777157659254,2.2342116950285984,1.2288384241451844,1.7491920487344714,1.5474428494752779,1.700030359718685
2014-05-01,2.1438031323914863,6.3,0.09,3.1750840797103663,1.995090359296281,1.5998291291059452,1.1142438176857894,1.545750281811209,1.5015090867017022,1.2253322438004588,0.8729775818349772,1.088785270925996,1.5270898906586616,1.8679171018338714,1.7012400261643634,1.3808115942114618,6.2,6.7,6.7,6.6,6.7,6.9,7.2,7.2,7.2,7.3,7.5,7.5,0.09,0.08,0.07,0.07,0.09,0.08,0.09,0.08,0.08,0.09,0.09,0.11,2.870719305970315,2.6876646038310525,2.1258528614825245,1.8396027756541145,2.220507312477338,2.256318831125359,2.389076693166725,2.814777157659254,2.2342116950285984,1.2288384241451844,1.7491920487344714,1.5474428494752779
2014-06-01,2.0380712080756425,6.1,0.1,3.310437075493411,2.1438031323914863,1.995090359296281,1.5998291291059452,1.1142438176857894,1.545750281811209,1.5015090867017022,1.2253322438004588,0.8729775818349772,1.088785270925996,1.5270898906586616,1.8679171018338714,1.7012400261643634,6.3,6.2,6.7,6.7,6.6,6.7,6.9,7.2,7.2,7.2,7.3,7.5,0.09,0.09,0.08,0.07,0.07,0.09,0.08,0.09,0.08,0.08,0.09,0.09,3.1750840797103663,2.870719305970315,2.6876646038310525,2.1258528614825245,1.8396027756541145,2.220507312477338,2.256318831125359,2.389076693166725,2.814777157659254,2.2342116950285984,1.2288384241451844,1.7491920487344714
2014-07-01,1.9550025496311463,6.2,0.09,3.8429908318683204,2.0380712080756425,2.1438031323914863,1.995090359296281,1.5998291291059452,1.1142438176857894,1.545750281811209,1.5015090867017022,1.2253322438004588,0.8729775818349772,1.088785270925996,1.5270898906586616,1.8679171018338714,6.1,6.3,6.2,6.7,6.7,6.6,6.7,6.9,7.2,7.2,7.2,7.3,0.1,0.09,0.09,0.08,0.07,0.07,0.09,0.08,0.09,0.08,0.08,0.09,3.310437075493411,3.1750840797103663,2.870719305970315,2.6876646038310525,2.1258528614825245,1.8396027756541145,2.220507312477338,2.256318831125359,2.389076693166725,2.814777157659254,2.2342116950285984,1.2288384241451844
2014-08-01,1.7005565715979998,6.1,0.09,3.0774608253078206,1.9550025496311463,2.0380712080756425,2.1438031323914863,1.995090359296281,1.5998291291059452,1.1142438176857894,1.545750281811209,1.5015090867017022,1.2253322438004588,0.8729775818349772,1.088785270925996,1.5270898906586616,6.2,6.1,6.3,6.2,6.7,6.7,6.6,6.7,6.9,7.2,7.2,7.2,0.09,0.1,0.09,0.09,0.08,0.07,0.07,0.09,0.08,0.09,0.08,0.08,3.8429908318683204,3.310437075493411,3.1750840797103663,2.870719305970315,2.6876646038310525,2.1258528614825245,1.8396027756541145,2.220507312477338,2.256318831125359,2.389076693166725,2.814777157659254,2.2342116950285984
2014-09-01,1.6700280492135455,5.9,0.09,2.857223343214521,1.7005565715979998,1.9550025496311463,2.0380712080756425,2.1438031323914863,1.995090359296281,1.5998291291059452,1.1142438176857894,1.545750281811209,1.5015090867017022,1.2253322438004588,0.8729775818349772,1.088785270925996,6.1,6.2,6.1,6.3,6.2,6.7,6.7,6.6,6.7,6.9,7.2,7.2,0.09,0.09,0.1,0.09,0.09,0.08,0.07,0.07,0.09,0.08,0.09,0.08,3.0774608253078206,3.8429908318683204,3.310437075493411,3.1750840797103663,2.870719305970315,2.6876646038310525,2.1258528614825245,1.8396027756541145,2.220507312477338,2.256318831125359,2.389076693166725,2.814777157659254
2014-10-01,1.596725913786301,5.7,0.09,2.9480610871910784,1.6700280492135455,1.7005565715979998,1.9550025496311463,2.0380712080756425,2.1438031323914863,1.995090359296281,1.5998291291059452,1.1142438176857894,1.545750281811209,1.5015090867017022,1.2253322438004588,0.8729775818349772,5.9,6.1,6.2,6.1,6.3,6.2,6.7,6.7,6.6,6.7,6.9,7.2,0.09,0.09,0.09,0.1,0.09,0.09,0.08,0.07,0.07,0.09,0.08,0.09,2.857223343214521,3.0774608253078206,3.8429908318683204,3.310437075493411,3.1750840797103663,2.870719305970315,2.6876646038310525,2.1258528614825245,1.8396027756541145,2.220507312477338,2.256318831125359,2.389076693166725
2014-11-01,1.2240034107743547,5.8,0.09,3.330040221437258,1.596725913786301,1.6700280492135455,1.7005565715979998,1.9550025496311463,2.0380712080756425,2.1438031323914863,1.995090359296281,1.5998291291059452,1.1142438176857894,1.545750281811209,1.5015090867017022,1.2253322438004588,5.7,5.9,6.1,6.2,6.1,6.3,6.2,6.7,6.7,6.6,6.7,6.9,0.09,0.09,0.09,0.09,0.1,0.09,0.09,0.08,0.07,0.07,0.09,0.08,2.9480610871910784,2.857223343214521,3.0774608253078206,3.8429908318683204,3.310437075493411,3.1750840797103663,2.870719305970315,2.6876646038310525,2.1258528614825245,1.8396027756541145,2.220507312477338,2.256318831125359
2014-12-01,0.6509977956253188,5.6,0.12,3.1212702728531383,1.2240034107743547,1.596725913786301,1.6700280492135455,1.7005565715979998,1.9550025496311463,2.0380712080756425,2.1438031323914863,1.995090359296281,1.5998291291059452,1.1142438176857894,1.545750281811209,1.5015090867017022,5.8,5.7,5.9,6.1,6.2,6.1,6.3,6.2,6.7,6.7,6.6,6.7,0.09,0.09,0.09,0.09,0.09,0.1,0.09,0.09,0.08,0.07,0.07,0.09,3.330040221437258,2.9480610871910784,2.857223343214521,3.0774608253078206,3.8429908318683204,3.310437075493411,3.1750840797103663,2.870719305970315,2.6876646038310525,2.1258528614825245,1.8396027756541145,2.220507312477338
2015-01-01,-0.2301957253808773,5.7,0.11,2.689740698592935,0.6509977956253188,1.2240034107743547,1.596725913786301,1.6700280492135455,1.7005565715979998,1.9550025496311463,2.0380712080756425,2.1438031323914863,1.995090359296281,1.5998291291059452,1.1142438176857894,1.545750281811209,5.6,5.8,5.7,5.9,6.1,6.2,6.1,6.3,6.2,6.7,6.7,6.6,0.12,0.09,0.09,0.09,0.09,0.09,0.1,0.09,0.09,0.08,0.07,0.07,3.1212702728531383,3.330040221437258,2.9480610871910784,2.857223343214521,3.0774608253078206,3.8429908318683204,3.310437075493411,3.1750840797103663,2.870719305970315,2.6876646038310525,2.1258528614825245,1.8396027756541145
2015-02-01,-0.0870693573011394,5.5,0.11,1.296299772199827,-0.2301957253808773,0.6509977956253188,1.2240034107743547,1.596725913786301,1.6700280492135455,1.7005565715979998,1.9550025496311463,2.0380712080756425,2.1438031323914863,1.995090359296281,1.5998291291059452,1.1142438176857894,5.7,5.6,5.8,5.7,5.9,6.1,6.2,6.1,6.3,6.2,6.7,6.7,0.11,0.12,0.09,0.09,0.09,0.09,0.09,0.1,0.09,0.09,0.08,0.07,2.689740698592935,3.1212702728531383,3.330040221437258,2.9480610871910784,2.857223343214521,3.0774608253078206,3.8429908318683204,3.310437075493411,3.1750840797103663,2.870719305970315,2.6876646038310525,2.1258528614825245
2015-03-01,-0.02203371166791257,5.4,0.11,-0.0027479861188339783,-0.0870693573011394,-0.2301957253808773,0.6509977956253188,1.2240034107743547,1.596725913786301,1.6700280492135455,1.7005565715979998,1.9550025496311463,2.0380712080756425,2.1438031323914863,1.995090359296281,1.5998291291059452,5.5,5.7,5.6,5.8,5.7,5.9,6.1,6.2,6.1,6.3,6.2,6.7,0.11,0.11,0.12,0.09,0.09,0.09,0.09,0.09,0.1,0.09,0.09,0.08,1.296299772199827,2.689740698592935,3.1212702728531383,3.330040221437258,2.9480610871910784,2.857223343214521,3.0774608253078206,3.8429908318683204,3.310437075493411,3.1750840797103663,2.870719305970315,2.6876646038310525
2015-04-01,-0.10408513918598317,5.4,0.12,-0.6465428469033085,-0.02203371166791257,-0.0870693573011394,-0.2301957253808773,0.6509977956253188,1.2240034107743547,1.596725913786301,1.6700280492135455,1.7005565715979998,1.9550025496311463,2.0380712080756425,2.1438031323914863,1.995090359296281,5.4,5.5,5.7,5.6,5.8,5.7,5.9,6.1,6.2,6.1,6.3,6.2,0.11,0.11,0.11,0.12,0.09,0.09,0.09,0.09,0.09,0.1,0.09,0.09,-0.0027479861188339783,1.296299772199827,2.689740698592935,3.1212702728531383,3.330040221437258,2.9480610871910784,2.857223343214521,3.0774608253078206,3.8429908318683204,3.310437075493411,3.1750840797103663,2.870719305970315
2015-05-01,0.03502708304532476,5.6,0.12,-1.471257928539238,-0.10408513918598317,-0.02203371166791257,-0.0870693573011394,-0.2301957253808773,0.6509977956253188,1.2240034107743547,1.596725913786301,1.6700280492135455,1.7005565715979998,1.9550025496311463,2.0380712080756425,2.1438031323914863,5.4,5.4,5.5,5.7,5.6,5.8,5.7,5.9,6.1,6.2,6.1,6.3,0.12,0.11,0.11,0.11,0.12,0.09,0.09,0.09,0.09,0.09,0.1,0.09,-0.6465428469033085,-0.0027479861188339783,1.296299772199827,2.689740698592935,3.1212702728531383,3.330040221437258,2.9480610871910784,2.857223343214521,3.0774608253078206,3.8429908318683204,3.310437075493411,3.1750840797103663
2015-06-01,0.17941077233718516,5.3,0.13,-2.128891158796531,0.03502708304532476,-0.10408513918598317,-0.02203371166791257,-0.0870693573011394,-0.2301957253808773,0.6509977956253188,1.2240034107743547,1.596725913786301,1.6700280492135455,1.7005565715979998,1.9550025496311463,2.0380712080756425,5.6,5.4,5.4,5.5,5.7,5.6,5.8,5.7,5.9,6.1,6.2,6.1,0.12,0.12,0.11,0.11,0.11,0.12,0.09,0.09,0.09,0.09,0.09,0.1,-1.471257928539238,-0.6465428469033085,-0.0027479861188339783,1.296299772199827,2.689740698592935,3.1212702728531383,3.330040221437258,2.9480610871910784,2.857223343214521,3.0774608253078206,3.8429908318683204,3.310437075493411
2015-07-01,0.22543182246153037,5.2,0.13,-1.7047614915356668,0.17941077233718516,0.03502708304532476,-0.10408513918598317,-0.02203371166791257,-0.0870693573011394,-0.2301957253808773,0.6509977956253188,1.2240034107743547,1.596725913786301,1.6700280492135455,1.7005565715979998,1.9550025496311463,5.3,5.6,5.4,5.4,5.5,5.7,5.6,5.8,5.7,5.9,6.1,6.2,0.13,0.12,0.12,0.11,0.11,0.11,0.12,0.09,0.09,0.09,0.09,0.09,-2.128891158796531,-1.471257928539238,-0.6465428469033085,-0.0027479861188339783,1.296299772199827,2.689740698592935,3.1212702728531383,3.330040221437258,2.9480610871910784,2.857223343214521,3.0774608253078206,3.8429908318683204
2015-08-01,0.24101312842326195,5.1,0.14,-1.699798783316897,0.22543182246153037,0.17941077233718516,0.03502708304532476,-0.10408513918598317,-0.02203371166791257,-0.0870693573011394,-0.2301957253808773,0.6509977956253188,1.2240034107743547,1.596725913786301,1.6700280492135455,1.7005565715979998,5.2,5.3,5.6,5.4,5.4,5.5,5.7,5.6,5.8,5.7,5.9,6.1,0.13,0.13,0.12,0.12,0.11,0.11,0.11,0.12,0.09,0.09,0.09,0.09,-1.7047614915356668,-2.128891158796531,-1.471257928539238,-0.6465428469033085,-0.0027479861188339783,1.296299772199827,2.689740698592935,3.1212702728531383,3.330040221437258,2.9480610871910784,2.857223343214521,3.0774608253078206
2015-09-01,0.008842570667333405,5.0,0.14,-2.266227489687367,0.24101312842326195,0.22543182246153037,0.17941077233718516,0.03502708304532476,-0.10408513918598317,-0.02203371166791257,-0.0870693573011394,-0.2301957253808773,0.6509977956253188,1.2240034107743547,1.596725913786301,1.6700280492135455,5.1,5.2,5.3,5.6,5.4,5.4,5.5,5.7,5.6,5.8,5.7,5.9,0.14,0.13,0.13,0.12,0.12,0.11,0.11,0.11,0.12,0.09,0.09,0.09,-1.699798783316897,-1.7047614915356668,-2.128891158796531,-1.471257928539238,-0.6465428469033085,-0.0027479861188339783,1.296299772199827,2.689740698592935,3.1212702728531383,3.330040221437258,2.9480610871910784,2.857223343214521
2015-10-01,0.12753519995021279,5.0,0.12,-2.7628846300427945,0.008842570667333405,0.24101312842326195,0.22543182246153037,0.17941077233718516,0.03502708304532476,-0.10408513918598317,-0.02203371166791257,-0.0870693573011394,-0.2301957253808773,0.6509977956253188,1.2240034107743547,1.596725913786301,5.0,5.1,5.2,5.3,5.6,5.4,5.4,5.5,5.7,5.6,5.8,5.7,0.14,0.14,0.13,0.13,0.12,0.12,0.11,0.11,0.11,0.12,0.09,0.09,-2.266227489687367,-1.699798783316897,-1.7047614915356668,-2.128891158796531,-1.471257928539238,-0.6465428469033085,-0.0027479861188339783,1.296299772199827,2.689740698592935,3.1212702728531383,3.330040221437258,2.9480610871910784
2015-11-01,0.43536910873953616,5.1,0.12,-4.116651538230354,0.12753519995021279,0.008842570667333405,0.24101312842326195,0.22543182246153037,0.17941077233718516,0.03502708304532476,-0.10408513918598317,-0.02203371166791257,-0.0870693573011394,-0.2301957253808773,0.6509977956253188,1.2240034107743547,5.0,5.0,5.1,5.2,5.3,5.6,5.4,5.4,5.5,5.7,5.6,5.8,0.12,0.14,0.14,0.13,0.13,0.12,0.12,0.11,0.11,0.11,0.12,0.09,-2.7628846300427945,-2.266227489687367,-1.699798783316897,-1.7047614915356668,-2.128891158796531,-1.471257928539238,-0.6465428469033085,-0.0027479861188339783,1.296299772199827,2.689740698592935,3.1212702728531383,3.330040221437258
2015-12-01,0.6366935496003201,5.0,0.24,-4.600357085126117,0.43536910873953616,0.12753519995021279,0.008842570667333405,0.24101312842326195,0.22543182246153037,0.17941077233718516,0.03502708304532476,-0.10408513918598317,-0.02203371166791257,-0.0870693573011394,-0.2301957253808773,0.6509977956253188,5.1,5.0,5.0,5.1,5.2,5.3,5.6,5.4,5.4,5.5,5.7,5.6,0.12,0.12,0.14,0.14,0.13,0.13,0.12,0.12,0.11,0.11,0.11,0.12,-4.116651538230354,-2.7628846300427945,-2.266227489687367,-1.699798783316897,-1.7047614915356668,-2.128891158796531,-1.471257928539238,-0.6465428469033085,-0.0027479861188339783,1.296299772199827,2.689740698592935,3.1212702728531383
2016-01-01,1.2299080308038057,4.8,0.34,-3.289780752387017,0.6366935496003201,0.43536910873953616,0.12753519995021279,0.008842570667333405,0.24101312842326195,0.22543182246153037,0.17941077233718516,0.03502708304532476,-0.10408513918598317,-0.02203371166791257,-0.0870693573011394,-0.2301957253808773,5.0,5.1,5.0,5.0,5.1,5.2,5.3,5.6,5.4,5.4,5.5,5.7,0.24,0.12,0.12,0.14,0.14,0.13,0.13,0.12,0.12,0.11,0.11,0.11,-4.600357085126117,-4.116651538230354,-2.7628846300427945,-2.266227489687367,-1.699798783316897,-1.7047614915356668,-2.128891158796531,-1.471257928539238,-0.6465428469033085,-0.0027479861188339783,1.296299772199827,2.689740698592935
2016-02-01,0.8437083293303616,4.9,0.38,-3.169016861685492,1.2299080308038057,0.6366935496003201,0.43536910873953616,0.12753519995021279,0.008842570667333405,0.24101312842326195,0.22543182246153037,0.17941077233718516,0.03502708304532476,-0.10408513918598317,-0.02203371166791257,-0.0870693573011394,4.8,5.0,5.1,5.0,5.0,5.1,5.2,5.3,5.6,5.4,5.4,5.5,0.34,0.24,0.12,0.12,0.14,0.14,0.13,0.13,0.12,0.12,0.11,0.11,-3.289780752387017,-4.600357085126117,-4.116651538230354,-2.7628846300427945,-2.266227489687367,-1.699798783316897,-1.7047614915356668,-2.128891158796531,-1.471257928539238,-0.6465428469033085,-0.0027479861188339783,1.296299772199827
2016-03-01,0.8876646705649804,5.0,0.36,-3.5785857591496217,0.8437083293303616,1.2299080308038057,0.6366935496003201,0.43536910873953616,0.12753519995021279,0.008842570667333405,0.24101312842326195,0.22543182246153037,0.17941077233718516,0.03502708304532476,-0.10408513918598317,-0.02203371166791257,4.9,4.8,5.0,5.1,5.0,5.0,5.1,5.2,5.3,5.6,5.4,5.4,0.38,0.34,0.24,0.12,0.12,0.14,0.14,0.13,0.13,0.12,0.12,0.11,-3.169016861685492,-3.289780752387017,-4.600357085126117,-4.116651538230354,-2.7628846300427945,-2.266227489687367,-1.699798783316897,-1.7047614915356668,-2.128891158796531,-1.471257928539238,-0.6465428469033085,-0.0027479861188339783
2016-04-01,1.1658037736477667,5.1,0.37,-2.693864592129369,0.8876646705649804,0.8437083293303616,1.2299080308038057,0.6366935496003201,0.43536910873953616,0.12753519995021279,0.008842570667333405,0.24101312842326195,0.22543182246153037,0.17941077233718516,0.03502708304532476,-0.10408513918598317,5.0,4.9,4.8,5.0,5.1,5.0,5.0,5.1,5.2,5.3,5.6,5.4,0.36,0.38,0.34,0.24,0.12,0.12,0.14,0.14,0.13,0.13,0.12,0.12,-3.5785857591496217,-3.169016861685492,-3.289780752387017,-4.600357085126117,-4.116651538230354,-2.7628846300427945,-2.266227489687367,-1.699798783316897,-1.7047614915356668,-2.128891158796531,-1.471257928539238,-0.6465428469033085
2016-05-01,1.0727023823578818,4.8,0.37,-2.478618579630698,1.1658037736477667,0.8876646705649804,0.8437083293303616,1.2299080308038057,0.6366935496003201,0.43536910873953616,0.12753519995021279,0.008842570667333405,0.24101312842326195,0.22543182246153037,0.17941077233718516,0.03502708304532476,5.1,5.0,4.9,4.8,5.0,5.1,5.0,5.0,5.1,5.2,5.3,5.6,0.37,0.36,0.38,0.34,0.24,0.12,0.12,0.14,0.14,0.13,0.13,0.12,-2.693864592129369,-3.5785857591496217,-3.169016861685492,-3.289780752387017,-4.600357085126117,-4.116651538230354,-2.7628846300427945,-2.266227489687367,-1.699798783316897,-1.7047614915356668,-2.128891158796531,-1.471257928539238
2016-06-01,1.0735038085898374,4.9,0.38,-1.6923578791116611,1.0727023823578818,1.1658037736477667,0.8876646705649804,0.8437083293303616,1.2299080308038057,0.6366935496003201,0.43536910873953616,0.12753519995021279,0.008842570667333405,0.24101312842326195,0.22543182246153037,0.17941077233718516,4.8,5.1,5.0,4.9,4.8,5.0,5.1,5.0,5.0,5.1,5.2,5.3,0.37,0.37,0.36,0.38,0.34,0.24,0.12,0.12,0.14,0.14,0.13,0.13,-2.478618579630698,-2.693864592129369,-3.5785857591496217,-3.169016861685492,-3.289780752387017,-4.600357085126117,-4.116651538230354,-2.7628846300427945,-2.266227489687367,-1.699798783316897,-1.7047614915356668,-2.128891158796531
2016-07-01,0.8646147538590832,4.8,0.39,-2.221225862676146,1.0735038085898374,1.0727023823578818,1.1658037736477667,0.8876646705649804,0.8437083293303616,1.2299080308038057,0.6366935496003201,0.43536910873953616,0.12753519995021279,0.008842570667333405,0.24101312842326195,0.22543182246153037,4.9,4.8,5.1,5.0,4.9,4.8,5.0,5.1,5.0,5.0,5.1,5.2,0.38,0.37,0.37,0.36,0.38,0.34,0.24,0.12,0.12,0.14,0.14,0.13,-1.6923578791116611,-2.478618579630698,-2.693864592129369,-3.5785857591496217,-3.169016861685492,-3.289780752387017,-4.600357085126117,-4.116651538230354,-2.7628846300427945,-2.266227489687367,-1.699798783316897,-1.7047614915356668
2016-08-01,1.0497862708119143,4.9,0.4,-2.1880267559708066,0.8646147538590832,1.0735038085898374,1.0727023823578818,1.1658037736477667,0.8876646705649804,0.8437083293303616,1.2299080308038057,0.6366935496003201,0.43536910873953616,0.12753519995021279,0.008842570667333405,0.24101312842326195,4.8,4.9,4.8,5.1,5.0,4.9,4.8,5.0,5.1,5.0,5.0,5.1,0.39,0.38,0.37,0.37,0.36,0.38,0.34,0.24,0.12,0.12,0.14,0.14,-2.221225862676146,-1.6923578791116611,-2.478618579630698,-2.693864592129369,-3.5785857591496217,-3.169016861685492,-3.289780752387017,-4.600357085126117,-4.116651538230354,-2.7628846300427945,-2.266227489687367,-1.699798783316897
2016-09-01,1.5367755028160346,5.0,0.4,-2.0140991333425617,1.0497862708119143,0.8646147538590832,1.0735038085898374,1.0727023823578818,1.1658037736477667,0.8876646705649804,0.8437083293303616,1.2299080308038057,0.6366935496003201,0.43536910873953616,0.12753519995021279,0.008842570667333405,4.9,4.8,4.9,4.8,5.1,5.0,4.9,4.8,5.0,5.1,5.0,5.0,0.4,0.39,0.38,0.37,0.37,0.36,0.38,0.34,0.24,0.12,0.12,0.14,-2.1880267559708066,-2.221225862676146,-1.6923578791116611,-2.478618579630698,-2.693864592129369,-3.5785857591496217,-3.169016861685492,-3.289780752387017,-4.600357085126117,-4.116651538230354,-2.7628846300427945,-2.266227489687367
2016-10-01,1.6718709909869567,4.9,0.4,-1.5137812015703744,1.5367755028160346,1.0497862708119143,0.8646147538590832,1.0735038085898374,1.0727023823578818,1.1658037736477667,0.8876646705649804,0.8437083293303616,1.2299080308038057,0.6366935496003201,0.43536910873953616,0.12753519995021279,5.0,4.9,4.8,4.9,4.8,5.1,5.0,4.9,4.8,5.0,5.1,5.0,0.4,0.4,0.39,0.38,0.37,0.37,0.36,0.38,0.34,0.24,0.12,0.12,-2.0140991333425617,-2.1880267559708066,-2.221225862676146,-1.6923578791116611,-2.478618579630698,-2.693864592129369,-3.5785857591496217,-3.169016861685492,-3.289780752387017,-4.600357085126117,-4.116651538230354,-2.7628846300427945
2016-11-01,1.6703058710160867,4.7,0.41,-1.1933703009724184,1.6718709909869567,1.5367755028160346,1.0497862708119143,0.8646147538590832,1.0735038085898374,1.0727023823578818,1.1658037736477667,0.8876646705649804,0.8437083293303616,1.2299080308038057,0.6366935496003201,0.43536910873953616,4.9,5.0,4.9,4.8,4.9,4.8,5.1,5.0,4.9,4.8,5.0,5.1,0.4,0.4,0.4,0.39,0.38,0.37,0.37,0.36,0.38,0.34,0.24,0.12,-1.5137812015703744,-2.0140991333425617,-2.1880267559708066,-2.221225862676146,-1.6923578791116611,-2.478618579630698,-2.693864592129369,-3.5785857591496217,-3.169016861685492,-3.289780752387017,-4.600357085126117,-4.116651538230354
2016-12-01,2.0300531865359517,4.7,0.54,-0.020498517968281504,1.6703058710160867,1.6718709909869567,1.5367755028160346,1.0497862708119143,0.8646147538590832,1.0735038085898374,1.0727023823578818,1.1658037736477667,0.8876646705649804,0.8437083293303616,1.2299080308038057,0.6366935496003201,4.7,4.9,5.0,4.9,4.8,4.9,4.8,5.1,5.0,4.9,4.8,5.0,0.41,0.4,0.4,0.4,0.39,0.38,0.37,0.37,0.36,0.38,0.34,0.24,-1.1933703009724184,-1.5137812015703744,-2.0140991333425617,-2.1880267559708066,-2.221225862676146,-1.6923578791116611,-2.478618579630698,-2.693864592129369,-3.5785857591496217,-3.169016861685492,-3.289780752387017,-4.600357085126117
2017-01-01,2.4794005969470234,4.7,0.65,-0.8063705883246008,2.0300531865359517,1.6703058710160867,1.6718709909869567,1.5367755028160346,1.0497862708119143,0.8646147538590832,1.0735038085898374,1.0727023823578818,1.1658037736477667,0.8876646705649804,0.8437083293303616,1.2299080308038057,4.7,4.7,4.9,5.0,4.9,4.8,4.9,4.8,5.1,5.0,4.9,4.8,0.54,0.41,0.4,0.4,0.4,0.39,0.38,0.37,0.37,0.36,0.38,0.34,-0.020498517968281504,-1.1933703009724184,-1.5137812015703744,-2.0140991333425617,-2.1880267559708066,-2.221225862676146,-1.6923578791116611,-2.478618579630698,-2.693864592129369,-3.5785857591496217,-3.169016861685492,-3.289780752387017
2017-02-01,2.771595651900416,4.6,0.66,-0.6888260858596063,2.4794005969470234,2.0300531865359517,1.6703058710160867,1.6718709909869567,1.5367755028160346,1.0497862708119143,0.8646147538590832,1.0735038085898374,1.0727023823578818,1.1658037736477667,0.8876646705649804,0.8437083293303616,4.7,4.7,4.7,4.9,5.0,4.9,4.8,4.9,4.8,5.1,5.0,4.9,0.65,0.54,0.41,0.4,0.4,0.4,0.39,0.38,0.37,0.37,0.36,0.38,-0.8063705883246008,-0.020498517968281504,-1.1933703009724184,-1.5137812015703744,-2.0140991333425617,-2.1880267559708066,-2.221225862676146,-1.6923578791116611,-2.478618579630698,-2.693864592129369,-3.5785857591496217,-3.169016861685492
2017-03-01,2.411875271120234,4.4,0.79,0.713654179033707,2.771595651900416,2.4794005969470234,2.0300531865359517,1.6703058710160867,1.6718709909869567,1.5367755028160346,1.0497862708119143,0.8646147538590832,1.0735038085898374,1.0727023823578818,1.1658037736477667,0.8876646705649804,4.6,4.7,4.7,4.7,4.9,5.0,4.9,4.8,4.9,4.8,5.1,5.0,0.66,0.65,0.54,0.41,0.4,0.4,0.4,0.39,0.38,0.37,0.37,0.36,-0.6888260858596063,-0.8063705883246008,-0.020498517968281504,-1.1933703009724184,-1.5137812015703744,-2.0140991333425617,-2.1880267559708066,-2.221225862676146,-1.6923578791116611,-2.478618579630698,-2.693864592129369,-3.5785857591496217
2017-04-01,2.152881766915282,4.4,0.9,1.3896012736654306,2.411875271120234,2.771595651900416,2.4794005969470234,2.0300531865359517,1.6703058710160867,1.6718709909869567,1.5367755028160346,1.0497862708119143,0.8646147538590832,1.0735038085898374,1.0727023823578818,1.1658037736477667,4.4,4.6,4.7,4.7,4.7,4.9,5.0,4.9,4.8,4.9,4.8,5.1,0.79,0.66,0.65,0.54,0.41,0.4,0.4,0.4,0.39,0.38,0.37,0.37,0.713654179033707,-0.6888260858596063,-0.8063705883246008,-0.020498517968281504,-1.1933703009724184,-1.5137812015703744,-2.0140991333425617,-2.1880267559708066,-2.221225862676146,-1.6923578791116611,-2.478618579630698,-2.693864592129369
2017-05-01,1.8393234242362055,4.4,0.91,1.7349417238220255,2.152881766915282,2.411875271120234,2.771595651900416,2.4794005969470234,2.0300531865359517,1.6703058710160867,1.6718709909869567,1.5367755028160346,1.0497862708119143,0.8646147538590832,1.0735038085898374,1.0727023823578818,4.4,4.4,4.6,4.7,4.7,4.7,4.9,5.0,4.9,4.8,4.9,4.8,0.9,0.79,0.66,0.65,0.54,0.41,0.4,0.4,0.4,0.39,0.38,0.37,1.3896012736654306,0.713654179033707,-0.6888260858596063,-0.8063705883246008,-0.020498517968281504,-1.1933703009724184,-1.5137812015703744,-2.0140991333425617,-2.1880267559708066,-2.221225862676146,-1.6923578791116611,-2.478618579630698
2017-06-01,1.6272539252383034,4.3,1.04,1.46948090318606,1.8393234242362055,2.152881766915282,2.411875271120234,2.771595651900416,2.4794005969470234,2.0300531865359517,1.6703058710160867,1.6718709909869567,1.5367755028160346,1.0497862708119143,0.8646147538590832,1.0735038085898374,4.4,4.4,4.4,4.6,4.7,4.7,4.7,4.9,5.0,4.9,4.8,4.9,0.91,0.9,0.79,0.66,0.65,0.54,0.41,0.4,0.4,0.4,0.39,0.38,1.7349417238220255,1.3896012736654306,0.713654179033707,-0.6888260858596063,-0.8063705883246008,-0.020498517968281504,-1.1933703009724184,-1.5137812015703744,-2.0140991333425617,-2.1880267559708066,-2.221225862676146,-1.6923578791116611
2017-07-01,1.7103963201701156,4.3,1.15,1.1125846787969351,1.6272539252383034,1.8393234242362055,2.152881766915282,2.411875271120234,2.771595651900416,2.4794005969470234,2.0300531865359517,1.6703058710160867,1.6718709909869567,1.5367755028160346,1.0497862708119143,0.8646147538590832,4.3,4.4,4.4,4.4,4.6,4.7,4.7,4.7,4.9,5.0,4.9,4.8,1.04,0.91,0.9,0.79,0.66,0.65,0.54,0.41,0.4,0.4,0.4,0.39,1.46948090318606,1.7349417238220255,1.3896012736654306,0.713654179033707,-0.6888260858596063,-0.8063705883246008,-0.020498517968281504,-1.1933703009724184,-1.5137812015703744,-2.0140991333425617,-2.1880267559708066,-2.221225862676146
2017-08-01,1.9097688270304225,4.4,1.16,0.8486898844542345,1.7103963201701156,1.6272539252383034,1.8393234242362055,2.152881766915282,2.411875271120234,2.771595651900416,2.4794005969470234,2.0300531865359517,1.6703058710160867,1.6718709909869567,1.5367755028160346,1.0497862708119143,4.3,4.3,4.4,4.4,4.4,4.6,4.7,4.7,4.7,4.9,5.0,4.9,1.15,1.04,0.91,0.9,0.79,0.66,0.65,0.54,0.41,0.4,0.4,0.4,1.1125846787969351,1.46948090318606,1.7349417238220255,1.3896012736654306,0.713654179033707,-0.6888260858596063,-0.8063705883246008,-0.020498517968281504,-1.1933703009724184,-1.5137812015703744,-2.0140991333425617,-2.1880267559708066
2017-09-01,2.1571309611642775,4.3,1.15,1.057423154141901,1.9097688270304225,1.7103963201701156,1.6272539252383034,1.8393234242362055,2.152881766915282,2.411875271120234,2.771595651900416,2.4794005969470234,2.0300531865359517,1.6703058710160867,1.6718709909869567,1.5367755028160346,4.4,4.3,4.3,4.4,4.4,4.4,4.6,4.7,4.7,4.7,4.9,5.0,1.16,1.15,1.04,0.91,0.9,0.79,0.66,0.65,0.54,0.41,0.4,0.4,0.8486898844542345,1.1125846787969351,1.46948090318606,1.7349417238220255,1.3896012736654306,0.713654179033707,-0.6888260858596063,-0.8063705883246008,-0.020498517968281504,-1.1933703009724184,-1.5137812015703744,-2.0140991333425617
2017-10-01,2.0006113975012063,4.2,1.15,2.2661238870592015,2.1571309611642775,1.9097688270304225,1.7103963201701156,1.6272539252383034,1.8393234242362055,2.152881766915282,2.411875271120234,2.771595651900416,2.4794005969470234,2.0300531865359517,1.6703058710160867,1.6718709909869567,4.3,4.4,4.3,4.3,4.4,4.4,4.4,4.6,4.7,4.7,4.7,4.9,1.15,1.16,1.15,1.04,0.91,0.9,0.79,0.66,0.65,0.54,0.41,0.4,1.057423154141901,0.8486898844542345,1.1125846787969351,1.46948090318606,1.7349417238220255,1.3896012736654306,0.713654179033707,-0.6888260858596063,-0.8063705883246008,-0.020498517968281504,-1.1933703009724184,-1.5137812015703744
2017-11-01,2.14923152856894,4.2,1.16,2.9231274376866345,2.0006113975012063,2.1571309611642775,1.9097688270304225,1.7103963201701156,1.6272539252383034,1.8393234242362055,2.152881766915282,2.411875271120234,2.771595651900416,2.4794005969470234,2.0300531865359517,1.6703058710160867,4.2,4.3,4.4,4.3,4.3,4.4,4.4,4.4,4.6,4.7,4.7,4.7,1.15,1.15,1.16,1.15,1.04,0.91,0.9,0.79,0.66,0.65,0.54,0.41,2.2661238870592015,1.057423154141901,0.8486898844542345,1.1125846787969351,1.46948090318606,1.7349417238220255,1.3896012736654306,0.713654179033707,-0.6888260858596063,-0.8063705883246008,-0.020498517968281504,-1.1933703009724184
2017-12-01,2.107564724618083,4.1,1.3,2.437200965110975,2.14923152856894,2.0006113975012063,2.1571309611642775,1.9097688270304225,1.7103963201701156,1.6272539252383034,1.8393234242362055,2.152881766915282,2.411875271120234,2.771595651900416,2.4794005969470234,2.0300531865359517,4.2,4.2,4.3,4.4,4.3,4.3,4.4,4.4,4.4,4.6,4.7,4.7,1.16,1.15,1.15,1.16,1.15,1.04,0.91,0.9,0.79,0.66,0.65,0.54,2.9231274376866345,2.2661238870592015,1.057423154141901,0.8486898844542345,1.1125846787969351,1.46948090318606,1.7349417238220255,1.3896012736654306,0.713654179033707,-0.6888260858596063,-0.8063705883246008,-0.020498517968281504
2018-01-01,2.128504628435035,4.0,1.41,2.6985469559747344,2.107564724618083,2.14923152856894,2.0006113975012063,2.1571309611642775,1.9097688270304225,1.7103963201701156,1.6272539252383034,1.8393234242362055,2.152881766915282,2.411875271120234,2.771595651900416,2.4794005969470234,4.1,4.2,4.2,4.3,4.4,4.3,4.3,4.4,4.4,4.4,4.6,4.7,1.3,1.16,1.15,1.15,1.16,1.15,1.04,0.91,0.9,0.79,0.66,0.65,2.437200965110975,2.9231274376866345,2.2661238870592015,1.057423154141901,0.8486898844542345,1.1125846787969351,1.46948090318606,1.7349417238220255,1.3896012736654306,0.713654179033707,-0.6888260858596063,-0.8063705883246008
2018-02-01,2.2382325747230425,4.1,1.42,3.342989548344999,2.128504628435035,2.107564724618083,2.14923152856894,2.0006113975012063,2.1571309611642775,1.9097688270304225,1.7103963201701156,1.6272539252383034,1.8393234242362055,2.152881766915282,2.411875271120234,2.771595651900416,4.0,4.1,4.2,4.2,4.3,4.4,4.3,4.3,4.4,4.4,4.4,4.6,1.41,1.3,1.16,1.15,1.15,1.16,1.15,1.04,0.91,0.9,0.79,0.66,2.6985469559747344,2.437200965110975,2.9231274376866345,2.2661238870592015,1.057423154141901,0.8486898844542345,1.1125846787969351,1.46948090318606,1.7349417238220255,1.3896012736654306,0.713654179033707,-0.6888260858596063
2018-03-01,2.30419804576103,4.0,1.51,3.173900895191739,2.2382325747230425,2.128504628435035,2.107564724618083,2.14923152856894,2.0006113975012063,2.1571309611642775,1.9097688270304225,1.7103963201701156,1.6272539252383034,1.8393234242362055,2.152881766915282,2.411875271120234,4.1,4.0,4.1,4.2,4.2,4.3,4.4,4.3,4.3,4.4,4.4,4.4,1.42,1.41,1.3,1.16,1.15,1.15,1.16,1.15,1.04,0.91,0.9,0.79,3.342989548344999,2.6985469559747344,2.437200965110975,2.9231274376866345,2.2661238870592015,1.057423154141901,0.8486898844542345,1.1125846787969351,1.46948090318606,1.7349417238220255,1.3896012736654306,0.713654179033707
2018-04-01,2.4409609642525254,4.0,1.69,3.2561654350065083,2.30419804576103,2.2382325747230425,2.128504628435035,2.107564724618083,2.14923152856894,2.0006113975012063,2.1571309611642775,1.9097688270304225,1.7103963201701156,1.6272539252383034,1.8393234242362055,2.152881766915282,4.0,4.1,4.0,4.1,4.2,4.2,4.3,4.4,4.3,4.3,4.4,4.4,1.51,1.42,1.41,1.3,1.16,1.15,1.15,1.16,1.15,1.04,0.91,0.9,3.173900895191739,3.342989548344999,2.6985469559747344,2.437200965110975,2.9231274376866345,2.2661238870592015,1.057423154141901,0.8486898844542345,1.1125846787969351,1.46948090318606,1.7349417238220255,1.3896012736654306
2018-05-01,2.7439291721927717,3.8,1.7,2.2332954145206863,2.4409609642525254,2.30419804576103,2.2382325747230425,2.128504628435035,2.107564724618083,2.14923152856894,2.0006113975012063,2.1571309611642775,1.9097688270304225,1.7103963201701156,1.6272539252383034,1.8393234242362055,4.0,4.0,4.1,4.0,4.1,4.2,4.2,4.3,4.4,4.3,4.3,4.4,1.69,1.51,1.42,1.41,1.3,1.16,1.15,1.15,1.16,1.15,1.04,0.91,3.2561654350065083,3.173900895191739,3.342989548344999,2.6985469559747344,2.437200965110975,2.9231274376866345,2.2661238870592015,1.057423154141901,0.8486898844542345,1.1125846787969351,1.46948090318606,1.7349417238220255
2018-06-01,2.768861466242001,4.0,1.82,2.801429704395275,2.7439291721927717,2.4409609642525254,2.30419804576103,2.2382325747230425,2.128504628435035,2.107564724618083,2.14923152856894,2.0006113975012063,2.1571309611642775,1.9097688270304225,1.7103963201701156,1.6272539252383034,3.8,4.0,4.0,4.1,4.0,4.1,4.2,4.2,4.3,4.4,4.3,4.3,1.7,1.69,1.51,1.42,1.41,1.3,1.16,1.15,1.15,1.16,1.15,1.04,2.2332954145206863,3.2561654350065083,3.173900895191739,3.342989548344999,2.6985469559747344,2.437200965110975,2.9231274376866345,2.2661238870592015,1.057423154141901,0.8486898844542345,1.1125846787969351,1.46948090318606
2018-07-01,2.8141534173609095,3.8,1.91,3.2024927606124187,2.768861466242001,2.7439291721927717,2.4409609642525254,2.30419804576103,2.2382325747230425,2.128504628435035,2.107564724618083,2.14923152856894,2.0006113975012063,2.1571309611642775,1.9097688270304225,1.7103963201701156,4.0,3.8,4.0,4.0,4.1,4.0,4.1,4.2,4.2,4.3,4.4,4.3,1.82,1.7,1.69,1.51,1.42,1.41,1.3,1.16,1.15,1.15,1.16,1.15,2.801429704395275,2.2332954145206863,3.2561654350065083,3.173900895191739,3.342989548344999,2.6985469559747344,2.437200965110975,2.9231274376866345,2.2661238870592015,1.057423154141901,0.8486898844542345,1.1125846787969351
2018-08-01,2.6086020438052415,3.8,1.91,4.261482433655139,2.8141534173609095,2.768861466242001,2.7439291721927717,2.4409609642525254,2.30419804576103,2.2382325747230425,2.128504628435035,2.107564724618083,2.14923152856894,2.0006113975012063,2.1571309611642775,1.9097688270304225,3.8,4.0,3.8,4.0,4.0,4.1,4.0,4.1,4.2,4.2,4.3,4.4,1.91,1.82,1.7,1.69,1.51,1.42,1.41,1.3,1.16,1.15,1.15,1.16,3.2024927606124187,2.801429704395275,2.2332954145206863,3.2561654350065083,3.173900895191739,3.342989548344999,2.6985469559747344,2.437200965110975,2.9231274376866345,2.2661238870592015,1.057423154141901,0.8486898844542345
2018-09-01,2.3052782030269725,3.7,1.95,4.223372800194269,2.6086020438052415,2.8141534173609095,2.768861466242001,2.7439291721927717,2.4409609642525254,2.30419804576103,2.2382325747230425,2.128504628435035,2.107564724618083,2.14923152856894,2.0006113975012063,2.1571309611642775,3.8,3.8,4.0,3.8,4.0,4.0,4.1,4.0,4.1,4.2,4.2,4.3,1.91,1.91,1.82,1.7,1.69,1.51,1.42,1.41,1.3,1.16,1.15,1.15,4.261482433655139,3.2024927606124187,2.801429704395275,2.2332954145206863,3.2561654350065083,3.173900895191739,3.342989548344999,2.6985469559747344,2.437200965110975,2.9231274376866345,2.2661238870592015,1.057423154141901
2018-10-01,2.4614877571210947,3.8,2.19,2.888738661808876,2.3052782030269725,2.6086020438052415,2.8141534173609095,2.768861466242001,2.7439291721927717,2.4409609642525254,2.30419804576103,2.2382325747230425,2.128504628435035,2.107564724618083,2.14923152856894,2.0006113975012063,3.7,3.8,3.8,4.0,3.8,4.0,4.0,4.1,4.0,4.1,4.2,4.2,1.95,1.91,1.91,1.82,1.7,1.69,1.51,1.42,1.41,1.3,1.16,1.15,4.223372800194269,4.261482433655139,3.2024927606124187,2.801429704395275,2.2332954145206863,3.2561654350065083,3.173900895191739,3.342989548344999,2.6985469559747344,2.437200965110975,2.9231274376866345,2.2661238870592015
2018-11-01,2.124598297730884,3.8,2.2,2.7290824361958954,2.4614877571210947,2.3052782030269725,2.6086020438052415,2.8141534173609095,2.768861466242001,2.7439291721927717,2.4409609642525254,2.30419804576103,2.2382325747230425,2.128504628435035,2.107564724618083,2.14923152856894,3.8,3.7,3.8,3.8,4.0,3.8,4.0,4.0,4.1,4.0,4.1,4.2,2.19,1.95,1.91,1.91,1.82,1.7,1.69,1.51,1.42,1.41,1.3,1.16,2.888738661808876,4.223372800194269,4.261482433655139,3.2024927606124187,2.801429704395275,2.2332954145206863,3.2561654350065083,3.173900895191739,3.342989548344999,2.6985469559747344,2.437200965110975,2.9231274376866345
2018-12-01,1.9825969223167483,3.9,2.27,2.5582496341902683,2.124598297730884,2.4614877571210947,2.3052782030269725,2.6086020438052415,2.8141534173609095,2.768861466242001,2.7439291721927717,2.4409609642525254,2.30419804576103,2.2382325747230425,2.128504628435035,2.107564724618083,3.8,3.8,3.7,3.8,3.8,4.0,3.8,4.0,4.0,4.1,4.0,4.1,2.2,2.19,1.95,1.91,1.91,1.82,1.7,1.69,1.51,1.42,1.41,1.3,2.7290824361958954,2.888738661808876,4.223372800194269,4.261482433655139,3.2024927606124187,2.801429704395275,2.2332954145206863,3.2561654350065083,3.173900895191739,3.342989548344999,2.6985469559747344,2.437200965110975
2019-01-01,1.4766332681220184,4.0,2.4,1.8935999258555825,1.9825969223167483,2.124598297730884,2.4614877571210947,2.3052782030269725,2.6086020438052415,2.8141534173609095,2.768861466242001,2.7439291721927717,2.4409609642525254,2.30419804576103,2.2382325747230425,2.128504628435035,3.9,3.8,3.8,3.7,3.8,3.8,4.0,3.8,4.0,4.0,4.1,4.0,2.27,2.2,2.19,1.95,1.91,1.91,1.82,1.7,1.69,1.51,1.42,1.41,2.5582496341902683,2.7290824361958954,2.888738661808876,4.223372800194269,4.261482433655139,3.2024927606124187,2.801429704395275,2.2332954145206863,3.2561654350065083,3.173900895191739,3.342989548344999,2.6985469559747344
2019-02-01,1.5074423162215744,3.8,2.4,1.1035304139436874,1.4766332681220184,1.9825969223167483,2.124598297730884,2.4614877571210947,2.3052782030269725,2.6086020438052415,2.8141534173609095,2.768861466242001,2.7439291721927717,2.4409609642525254,2.30419804576103,2.2382325747230425,4.0,3.9,3.8,3.8,3.7,3.8,3.8,4.0,3.8,4.0,4.0,4.1,2.4,2.27,2.2,2.19,1.95,1.91,1.91,1.82,1.7,1.69,1.51,1.42,1.8935999258555825,2.5582496341902683,2.7290824361958954,2.888738661808876,4.223372800194269,4.261482433655139,3.2024927606124187,2.801429704395275,2.2332954145206863,3.2561654350065083,3.173900895191739,3.342989548344999
2019-03-01,1.865673916713817,3.8,2.41,0.6524229997594055,1.5074423162215744,1.4766332681220184,1.9825969223167483,2.124598297730884,2.4614877571210947,2.3052782030269725,2.6086020438052415,2.8141534173609095,2.768861466242001,2.7439291721927717,2.4409609642525254,2.30419804576103,3.8,4.0,3.9,3.8,3.8,3.7,3.8,3.8,4.0,3.8,4.0,4.0,2.4,2.4,2.27,2.2,2.19,1.95,1.91,1.91,1.82,1.7,1.69,1.51,1.1035304139436874,1.8935999258555825,2.5582496341902683,2.7290824361958954,2.888738661808876,4.223372800194269,4.261482433655139,3.2024927606124187,2.801429704395275,2.2332954145206863,3.2561654350065083,3.173900895191739
2019-04-01,1.980834757598604,3.7,2.42,-1.0300329046739165,1.865673916713817,1.5074423162215744,1.4766332681220184,1.9825969223167483,2.124598297730884,2.4614877571210947,2.3052782030269725,2.6086020438052415,2.8141534173609095,2.768861466242001,2.7439291721927717,2.4409609642525254,3.8,3.8,4.0,3.9,3.8,3.8,3.7,3.8,3.8,4.0,3.8,4.0,2.41,2.4,2.4,2.27,2.2,2.19,1.95,1.91,1.91,1.82,1.7,1.69,0.6524229997594055,1.1035304139436874,1.8935999258555825,2.5582496341902683,2.7290824361958954,2.888738661808876,4.223372800194269,4.261482433655139,3.2024927606124187,2.801429704395275,2.2332954145206863,3.2561654350065083
2019-05-01,1.779974595956002,3.6,2.39,-0.010156527726312703,1.980834757598604,1.865673916713817,1.5074423162215744,1.4766332681220184,1.9825969223167483,2.124598297730884,2.4614877571210947,2.3052782030269725,2.6086020438052415,2.8141534173609095,2.768861466242001,2.7439291721927717,3.7,3.8,3.8,4.0,3.9,3.8,3.8,3.7,3.8,3.8,4.0,3.8,2.42,2.41,2.4,2.4,2.27,2.2,2.19,1.95,1.91,1.91,1.82,1.7,-1.0300329046739165,0.6524229997594055,1.1035304139436874,1.8935999258555825,2.5582496341902683,2.7290824361958954,2.888738661808876,4.223372800194269,4.261482433655139,3.2024927606124187,2.801429704395275,2.2332954145206863
2019-06-01,1.6573840904157144,3.6,2.38,-0.7396616510661147,1.779974595956002,1.980834757598604,1.865673916713817,1.5074423162215744,1.4766332681220184,1.9825969223167483,2.124598297730884,2.4614877571210947,2.3052782030269725,2.6086020438052415,2.8141534173609095,2.768861466242001,3.6,3.7,3.8,3.8,4.0,3.9,3.8,3.8,3.7,3.8,3.8,4.0,2.39,2.42,2.41,2.4,2.4,2.27,2.2,2.19,1.95,1.91,1.91,1.82,-0.010156527726312703,-1.0300329046739165,0.6524229997594055,1.1035304139436874,1.8935999258555825,2.5582496341902683,2.7290824361958954,2.888738661808876,4.223372800194269,4.261482433655139,3.2024927606124187,2.801429704395275
2019-07-01,1.8098542197341416,3.7,2.4,-1.38702910532702,1.6573840904157144,1.779974595956002,1.980834757598604,1.865673916713817,1.5074423162215744,1.4766332681220184,1.9825969223167483,2.124598297730884,2.4614877571210947,2.3052782030269725,2.6086020438052415,2.8141534173609095,3.6,3.6,3.7,3.8,3.8,4.0,3.9,3.8,3.8,3.7,3.8,3.8,2.38,2.39,2.42,2.41,2.4,2.4,2.27,2.2,2.19,1.95,1.91,1.91,-0.7396616510661147,-0.010156527726312703,-1.0300329046739165,0.6524229997594055,1.1035304139436874,1.8935999258555825,2.5582496341902683,2.7290824361958954,2.888738661808876,4.223372800194269,4.261482433655139,3.2024927606124187
2019-08-01,1.7227168654438962,3.6,2.13,-1.3487295328134863,1.8098542197341416,1.6573840904157144,1.779974595956002,1.980834757598604,1.865673916713817,1.5074423162215744,1.4766332681220184,1.9825969223167483,2.124598297730884,2.4614877571210947,2.3052782030269725,2.6086020438052415,3.7,3.6,3.6,3.7,3.8,3.8,4.0,3.9,3.8,3.8,3.7,3.8,2.4,2.38,2.39,2.42,2.41,2.4,2.4,2.27,2.2,2.19,1.95,1.91,-1.38702910532702,-0.7396616510661147,-0.010156527726312703,-1.0300329046739165,0.6524229997594055,1.1035304139436874,1.8935999258555825,2.5582496341902683,2.7290824361958954,2.888738661808876,4.223372800194269,4.261482433655139
2019-09-01,1.6704673825508998,3.5,2.04,-1.7527282326511795,1.7227168654438962,1.8098542197341416,1.6573840904157144,1.779974595956002,1.980834757598604,1.865673916713817,1.5074423162215744,1.4766332681220184,1.9825969223167483,2.124598297730884,2.4614877571210947,2.3052782030269725,3.6,3.7,3.6,3.6,3.7,3.8,3.8,4.0,3.9,3.8,3.8,3.7,2.13,2.4,2.38,2.39,2.42,2.41,2.4,2.4,2.27,2.2,2.19,1.95,-1.3487295328134863,-1.38702910532702,-0.7396616510661147,-0.010156527726312703,-1.0300329046739165,0.6524229997594055,1.1035304139436874,1.8935999258555825,2.5582496341902683,2.7290824361958954,2.888738661808876,4.223372800194269
2019-10-01,1.7191119291485535,3.6,1.83,-2.4902254934305645,1.6704673825508998,1.7227168654438962,1.8098542197341416,1.6573840904157144,1.779974595956002,1.980834757598604,1.865673916713817,1.5074423162215744,1.4766332681220184,1.9825969223167483,2.124598297730884,2.4614877571210947,3.5,3.6,3.7,3.6,3.6,3.7,3.8,3.8,4.0,3.9,3.8,3.8,2.04,2.13,2.4,2.38,2.39,2.42,2.41,2.4,2.4,2.27,2.2,2.19,-1.7527282326511795,-1.3487295328134863,-1.38702910532702,-0.7396616510661147,-0.010156527726312703,-1.0300329046739165,0.6524229997594055,1.1035304139436874,1.8935999258555825,2.5582496341902683,2.7290824361958954,2.888738661808876
2019-11-01,2.070702599713048,3.6,1.55,-2.0688555143530962,1.7191119291485535,1.6704673825508998,1.7227168654438962,1.8098542197341416,1.6573840904157144,1.779974595956002,1.980834757598604,1.865673916713817,1.5074423162215744,1.4766332681220184,1.9825969223167483,2.124598297730884,3.6,3.5,3.6,3.7,3.6,3.6,3.7,3.8,3.8,4.0,3.9,3.8,1.83,2.04,2.13,2.4,2.38,2.39,2.42,2.41,2.4,2.4,2.27,2.2,-2.4902254934305645,-1.7527282326511795,-1.3487295328134863,-1.38702910532702,-0.7396616510661147,-0.010156527726312703,-1.0300329046739165,0.6524229997594055,1.1035304139436874,1.8935999258555825,2.5582496341902683,2.7290824361958954
2019-12-01,2.2930353112747603,3.6,1.55,-2.326024148153749,2.070702599713048,1.7191119291485535,1.6704673825508998,1.7227168654438962,1.8098542197341416,1.6573840904157144,1.779974595956002,1.980834757598604,1.865673916713817,1.5074423162215744,1.4766332681220184,1.9825969223167483,3.6,3.6,3.5,3.6,3.7,3.6,3.6,3.7,3.8,3.8,4.0,3.9,1.55,1.83,2.04,2.13,2.4,2.38,2.39,2.42,2.41,2.4,2.4,2.27,-2.0688555143530962,-2.4902254934305645,-1.7527282326511795,-1.3487295328134863,-1.38702910532702,-0.7396616510661147,-0.010156527726312703,-1.0300329046739165,0.6524229997594055,1.1035304139436874,1.8935999258555825,2.5582496341902683
2020-01-01,2.566548531176416,3.6,1.55,-2.3170157023225,2.2930353112747603,2.070702599713048,1.7191119291485535,1.6704673825508998,1.7227168654438962,1.8098542197341416,1.6573840904157144,1.779974595956002,1.980834757598604,1.865673916713817,1.5074423162215744,1.4766332681220184,3.6,3.6,3.6,3.5,3.6,3.7,3.6,3.6,3.7,3.8,3.8,4.0,1.55,1.55,1.83,2.04,2.13,2.4,2.38,2.39,2.42,2.41,2.4,2.4,-2.326024148153749,-2.0688555143530962,-2.4902254934305645,-1.7527282326511795,-1.3487295328134863,-1.38702910532702,-0.7396616510661147,-0.010156527726312703,-1.0300329046739165,0.6524229997594055,1.1035304139436874,1.8935999258555825
2020-02-01,2.3143283045387264,3.5,1.58,-1.4334467077149249,2.566548531176416,2.2930353112747603,2.070702599713048,1.7191119291485535,1.6704673825508998,1.7227168654438962,1.8098542197341416,1.6573840904157144,1.779974595956002,1.980834757598604,1.865673916713817,1.5074423162215744,3.6,3.6,3.6,3.6,3.5,3.6,3.7,3.6,3.6,3.7,3.8,3.8,1.55,1.55,1.55,1.83,2.04,2.13,2.4,2.38,2.39,2.42,2.41,2.4,-2.3170157023225,-2.326024148153749,-2.0688555143530962,-2.4902254934305645,-1.7527282326511795,-1.3487295328134863,-1.38702910532702,-0.7396616510661147,-0.010156527726312703,-1.0300329046739165,0.6524229997594055,1.1035304139436874
2020-03-01,1.4829891206053603,4.4,0.65,-5.461517377071523,2.3143283045387264,2.566548531176416,2.2930353112747603,2.070702599713048,1.7191119291485535,1.6704673825508998,1.7227168654438962,1.8098542197341416,1.6573840904157144,1.779974595956002,1.980834757598604,1.865673916713817,3.5,3.6,3.6,3.6,3.6,3.5,3.6,3.7,3.6,3.6,3.7,3.8,1.58,1.55,1.55,1.55,1.83,2.04,2.13,2.4,2.38,2.39,2.42,2.41,-1.4334467077149249,-2.3170157023225,-2.326024148153749,-2.0688555143530962,-2.4902254934305645,-1.7527282326511795,-1.3487295328134863,-1.38702910532702,-0.7396616510661147,-0.010156527726312703,-1.0300329046739165,0.6524229997594055
2020-04-01,0.3125583212112204,14.8,0.05,-19.01716756450096,1.4829891206053603,2.3143283045387264,2.566548531176416,2.2930353112747603,2.070702599713048,1.7191119291485535,1.6704673825508998,1.7227168654438962,1.8098542197341416,1.6573840904157144,1.779974595956002,1.980834757598604,4.4,3.5,3.6,3.6,3.6,3.6,3.5,3.6,3.7,3.6,3.6,3.7,0.65,1.58,1.55,1.55,1.55,1.83,2.04,2.13,2.4,2.38,2.39,2.42,-5.461517377071523,-1.4334467077149249,-2.3170157023225,-2.326024148153749,-2.0688555143530962,-2.4902254934305645,-1.7527282326511795,-1.3487295328134863,-1.38702910532702,-0.7396616510661147,-0.010156527726312703,-1.0300329046739165
2020-05-01,0.19800514395234003,13.2,0.05,-17.492185946287808,0.3125583212112204,1.4829891206053603,2.3143283045387264,2.566548531176416,2.2930353112747603,2.070702599713048,1.7191119291485535,1.6704673825508998,1.7227168654438962,1.8098542197341416,1.6573840904157144,1.779974595956002,14.8,4.4,3.5,3.6,3.6,3.6,3.6,3.5,3.6,3.7,3.6,3.6,0.05,0.65,1.58,1.55,1.55,1.55,1.83,2.04,2.13,2.4,2.38,2.39,-19.01716756450096,-5.461517377071523,-1.4334467077149249,-2.3170157023225,-2.326024148153749,-2.0688555143530962,-2.4902254934305645,-1.7527282326511795,-1.3487295328134863,-1.38702910532702,-0.7396616510661147,-0.010156527726312703
2020-06-01,0.7141005055379956,11.0,0.08,-11.189363982160927,0.19800514395234003,0.3125583212112204,1.4829891206053603,2.3143283045387264,2.566548531176416,2.2930353112747603,2.070702599713048,1.7191119291485535,1.6704673825508998,1.7227168654438962,1.8098542197341416,1.6573840904157144,13.2,14.8,4.4,3.5,3.6,3.6,3.6,3.6,3.5,3.6,3.7,3.6,0.05,0.05,0.65,1.58,1.55,1.55,1.55,1.83,2.04,2.13,2.4,2.38,-17.492185946287808,-19.01716756450096,-5.461517377071523,-1.4334467077149249,-2.3170157023225,-2.326024148153749,-2.0688555143530962,-2.4902254934305645,-1.7527282326511795,-1.3487295328134863,-1.38702910532702,-0.7396616510661147
2020-07-01,0.9919288416800676,10.2,0.09,-7.024592365144322,0.7141005055379956,0.19800514395234003,0.3125583212112204,1.4829891206053603,2.3143283045387264,2.566548531176416,2.2930353112747603,2.070702599713048,1.7191119291485535,1.6704673825508998,1.7227168654438962,1.8098542197341416,11.0,13.2,14.8,4.4,3.5,3.6,3.6,3.6,3.6,3.5,3.6,3.7,0.08,0.05,0.05,0.65,1.58,1.55,1.55,1.55,1.83,2.04,2.13,2.4,-11.189363982160927,-17.492185946287808,-19.01716756450096,-5.461517377071523,-1.4334467077149249,-2.3170157023225,-2.326024148153749,-2.0688555143530962,-2.4902254934305645,-1.7527282326511795,-1.3487295328134863,-1.38702910532702
2020-08-01,1.2729335637454042,8.4,0.1,-6.733968805509427,0.9919288416800676,0.7141005055379956,0.19800514395234003,0.3125583212112204,1.4829891206053603,2.3143283045387264,2.566548531176416,2.2930353112747603,2.070702599713048,1.7191119291485535,1.6704673825508998,1.7227168654438962,10.2,11.0,13.2,14.8,4.4,3.5,3.6,3.6,3.6,3.6,3.5,3.6,0.09,0.08,0.05,0.05,0.65,1.58,1.55,1.55,1.55,1.83,2.04,2.13,-7.024592365144322,-11.189363982160927,-17.492185946287808,-19.01716756450096,-5.461517377071523,-1.4334467077149249,-2.3170157023225,-2.326024148153749,-2.0688555143530962,-2.4902254934305645,-1.7527282326511795,-1.3487295328134863
2020-09-01,1.3814369605231747,7.8,0.09,-6.382519539934695,1.2729335637454042,0.9919288416800676,0.7141005055379956,0.19800514395234003,0.3125583212112204,1.4829891206053603,2.3143283045387264,2.566548531176416,2.2930353112747603,2.070702599713048,1.7191119291485535,1.6704673825508998,8.4,10.2,11.0,13.2,14.8,4.4,3.5,3.6,3.6,3.6,3.6,3.5,0.1,0.09,0.08,0.05,0.05,0.65,1.58,1.55,1.55,1.55,1.83,2.04,-6.733968805509427,-7.024592365144322,-11.189363982160927,-17.492185946287808,-19.01716756450096,-5.461517377071523,-1.4334467077149249,-2.3170157023225,-2.326024148153749,-2.0688555143530962,-2.4902254934305645,-1.7527282326511795
2020-10-01,1.2228786101180944,6.9,0.09,-4.732940789775952,1.3814369605231747,1.2729335637454042,0.9919288416800676,0.7141005055379956,0.19800514395234003,0.3125583212112204,1.4829891206053603,2.3143283045387264,2.566548531176416,2.2930353112747603,2.070702599713048,1.7191119291485535,7.8,8.4,10.2,11.0,13.2,14.8,4.4,3.5,3.6,3.6,3.6,3.6,0.09,0.1,0.09,0.08,0.05,0.05,0.65,1.58,1.55,1.55,1.55,1.83,-6.382519539934695,-6.733968805509427,-7.024592365144322,-11.189363982160927,-17.492185946287808,-19.01716756450096,-5.461517377071523,-1.4334467077149249,-2.3170157023225,-2.326024148153749,-2.0688555143530962,-2.4902254934305645
2020-11-01,1.1688870339403579,6.7,0.09,-4.880507542197332,1.2228786101180944,1.3814369605231747,1.2729335637454042,0.9919288416800676,0.7141005055379956,0.19800514395234003,0.3125583212112204,1.4829891206053603,2.3143283045387264,2.566548531176416,2.2930353112747603,2.070702599713048,6.9,7.8,8.4,10.2,11.0,13.2,14.8,4.4,3.5,3.6,3.6,3.6,0.09,0.09,0.1,0.09,0.08,0.05,0.05,0.65,1.58,1.55,1.55,1.55,-4.732940789775952,-6.382519539934695,-6.733968805509427,-7.024592365144322,-11.189363982160927,-17.492185946287808,-19.01716756450096,-5.461517377071523,-1.4334467077149249,-2.3170157023225,-2.326024148153749,-2.0688555143530962
2020-12-01,1.3117775848018987,6.7,0.09,-3.336553581646573,1.1688870339403579,1.2228786101180944,1.3814369605231747,1.2729335637454042,0.9919288416800676,0.7141005055379956,0.19800514395234003,0.3125583212112204,1.4829891206053603,2.3143283045387264,2.566548531176416,2.2930353112747603,6.7,6.9,7.8,8.4,10.2,11.0,13.2,14.8,4.4,3.5,3.6,3.6,0.09,0.09,0.09,0.1,0.09,0.08,0.05,0.05,0.65,1.58,1.55,1.55,-4.880507542197332,-4.732940789775952,-6.382519539934695,-6.733968805509427,-7.024592365144322,-11.189363982160927,-17.492185946287808,-19.01716756450096,-5.461517377071523,-1.4334467077149249,-2.3170157023225,-2.326024148153749
2021-01-01,1.3644920352351875,6.4,0.09,-2.15258716698159,1.3117775848018987,1.1688870339403579,1.2228786101180944,1.3814369605231747,1.2729335637454042,0.9919288416800676,0.7141005055379956,0.19800514395234003,0.3125583212112204,1.4829891206053603,2.3143283045387264,2.566548531176416,6.7,6.7,6.9,7.8,8.4,10.2,11.0,13.2,14.8,4.4,3.5,3.6,0.09,0.09,0.09,0.09,0.1,0.09,0.08,0.05,0.05,0.65,1.58,1.55,-3.336553581646573,-4.880507542197332,-4.732940789775952,-6.382519539934695,-6.733968805509427,-7.024592365144322,-11.189363982160927,-17.492185946287808,-19.01716756450096,-5.461517377071523,-1.4334467077149249,-2.3170157023225
2021-02-01,1.656028618434835,6.2,0.08,-5.848305012524868,1.3644920352351875,1.3117775848018987,1.1688870339403579,1.2228786101180944,1.3814369605231747,1.2729335637454042,0.9919288416800676,0.7141005055379956,0.19800514395234003,0.3125583212112204,1.4829891206053603,2.3143283045387264,6.4,6.7,6.7,6.9,7.8,8.4,10.2,11.0,13.2,14.8,4.4,3.5,0.09,0.09,0.09,0.09,0.09,0.1,0.09,0.08,0.05,0.05,0.65,1.58,-2.15258716698159,-3.336553581646573,-4.880507542197332,-4.732940789775952,-6.382519539934695,-6.733968805509427,-7.024592365144322,-11.189363982160927,-17.492185946287808,-19.01716756450096,-5.461517377071523,-1.4334467077149249
2021-03-01,2.6328530157631036,6.1,0.07,0.99881623082263,1.656028618434835,1.3644920352351875,1.3117775848018987,1.1688870339403579,1.2228786101180944,1.3814369605231747,1.2729335637454042,0.9919288416800676,0.7141005055379956,0.19800514395234003,0.3125583212112204,1.4829891206053603,6.2,6.4,6.7,6.7,6.9,7.8,8.4,10.2,11.0,13.2,14.8,4.4,0.08,0.09,0.09,0.09,0.09,0.09,0.1,0.09,0.08,0.05,0.05,0.65,-5.848305012524868,-2.15258716698159,-3.336553581646573,-4.880507542197332,-4.732940789775952,-6.382519539934695,-6.733968805509427,-7.024592365144322,-11.189363982160927,-17.492185946287808,-19.01716756450096,-5.461517377071523
2021-04-01,4.049948282641136,6.1,0.07,15.316849920100317,2.6328530157631036,1.656028618434835,1.3644920352351875,1.3117775848018987,1.1688870339403579,1.2228786101180944,1.3814369605231747,1.2729335637454042,0.9919288416800676,0.7141005055379956,0.19800514395234003,0.3125583212112204,6.1,6.2,6.4,6.7,6.7,6.9,7.8,8.4,10.2,11.0,13.2,14.8,0.07,0.08,0.09,0.09,0.09,0.09,0.09,0.1,0.09,0.08,0.05,0.05,0.99881623082263,-5.848305012524868,-2.15258716698159,-3.336553581646573,-4.880507542197332,-4.732940789775952,-6.382519539934695,-6.733968805509427,-7.024592365144322,-11.189363982160927,-17.492185946287808,-19.01716756450096
2021-05-01,4.801135706806381,5.8,0.06,14.560034252893761,4.049948282641136,2.6328530157631036,1.656028618434835,1.3644920352351875,1.3117775848018987,1.1688870339403579,1.2228786101180944,1.3814369605231747,1.2729335637454042,0.9919288416800676,0.7141005055379956,0.19800514395234003,6.1,6.1,6.2,6.4,6.7,6.7,6.9,7.8,8.4,10.2,11.0,13.2,0.07,0.07,0.08,0.09,0.09,0.09,0.09,0.09,0.1,0.09,0.08,0.05,15.316849920100317,0.99881623082263,-5.848305012524868,-2.15258716698159,-3.336553581646573,-4.880507542197332,-4.732940789775952,-6.382519539934695,-6.733968805509427,-7.024592365144322,-11.189363982160927,-17.492185946287808
2021-06-01,5.160175670148348,5.9,0.08,8.579594049803507,4.801135706806381,4.049948282641136,2.6328530157631036,1.656028618434835,1.3644920352351875,1.3117775848018987,1.1688870339403579,1.2228786101180944,1.3814369605231747,1.2729335637454042,0.9919288416800676,0.7141005055379956,5.8,6.1,6.1,6.2,6.4,6.7,6.7,6.9,7.8,8.4,10.2,11.0,0.06,0.07,0.07,0.08,0.09,0.09,0.09,0.09,0.09,0.1,0.09,0.08,14.560034252893761,15.316849920100317,0.99881623082263,-5.848305012524868,-2.15258716698159,-3.336553581646573,-4.880507542197332,-4.732940789775952,-6.382519539934695,-6.733968805509427,-7.024592365144322,-11.189363982160927
2021-07-01,5.112238890647802,5.4,0.1,5.353968964229505,5.160175670148348,4.801135706806381,4.049948282641136,2.6328530157631036,1.656028618434835,1.3644920352351875,1.3117775848018987,1.1688870339403579,1.2228786101180944,1.3814369605231747,1.2729335637454042,0.9919288416800676,5.9,5.8,6.1,6.1,6.2,6.4,6.7,6.7,6.9,7.8,8.4,10.2,0.08,0.06,0.07,0.07,0.08,0.09,0.09,0.09,0.09,0.09,0.1,0.09,8.579594049803507,14.560034252893761,15.316849920100317,0.99881623082263,-5.848305012524868,-2.15258716698159,-3.336553581646573,-4.880507542197332,-4.732940789775952,-6.382519539934695,-6.733968805509427,-7.024592365144322
2021-08-01,5.023688194741283,5.1,0.09,4.172880111690969,5.112238890647802,5.160175670148348,4.801135706806381,4.049948282641136,2.6328530157631036,1.656028618434835,1.3644920352351875,1.3117775848018987,1.1688870339403579,1.2228786101180944,1.3814369605231747,1.2729335637454042,5.4,5.9,5.8,6.1,6.1,6.2,6.4,6.7,6.7,6.9,7.8,8.4,0.1,0.08,0.06,0.07,0.07,0.08,0.09,0.09,0.09,0.09,0.09,0.1,5.353968964229505,8.579594049803507,14.560034252893761,15.316849920100317,0.99881623082263,-5.848305012524868,-2.15258716698159,-3.336553581646573,-4.880507542197332,-4.732940789775952,-6.382519539934695,-6.733968805509427
2021-09-01,5.212949279021384,4.7,0.08,2.9680125145707947,5.023688194741283,5.112238890647802,5.160175670148348,4.801135706806381,4.049948282641136,2.6328530157631036,1.656028618434835,1.3644920352351875,1.3117775848018987,1.1688870339403579,1.2228786101180944,1.3814369605231747,5.1,5.4,5.9,5.8,6.1,6.1,6.2,6.4,6.7,6.7,6.9,7.8,0.09,0.1,0.08,0.06,0.07,0.07,0.08,0.09,0.09,0.09,0.09,0.09,4.172880111690969,5.353968964229505,8.579594049803507,14.560034252893761,15.316849920100317,0.99881623082263,-5.848305012524868,-2.15258716698159,-3.336553581646573,-4.880507542197332,-4.732940789775952,-6.382519539934695
2021-10-01,6.048383440327498,4.5,0.08,3.500869128884787,5.212949279021384,5.023688194741283,5.112238890647802,5.160175670148348,4.801135706806381,4.049948282641136,2.6328530157631036,1.656028618434835,1.3644920352351875,1.3117775848018987,1.1688870339403579,1.2228786101180944,4.7,5.1,5.4,5.9,5.8,6.1,6.1,6.2,6.4,6.7,6.7,6.9,0.08,0.09,0.1,0.08,0.06,0.07,0.07,0.08,0.09,0.09,0.09,0.09,2.9680125145707947,4.172880111690969,5.353968964229505,8.579594049803507,14.560034252893761,15.316849920100317,0.99881623082263,-5.848305012524868,-2.15258716698159,-3.336553581646573,-4.880507542197332,-4.732940789775952
2021-11-01,6.674206408726402,4.1,0.08,3.823509280001236,6.048383440327498,5.212949279021384,5.023688194741283,5.112238890647802,5.160175670148348,4.801135706806381,4.049948282641136,2.6328530157631036,1.656028618434835,1.3644920352351875,1.3117775848018987,1.1688870339403579,4.5,4.7,5.1,5.4,5.9,5.8,6.1,6.1,6.2,6.4,6.7,6.7,0.08,0.08,0.09,0.1,0.08,0.06,0.07,0.07,0.08,0.09,0.09,0.09,3.500869128884787,2.9680125145707947,4.172880111690969,5.353968964229505,8.579594049803507,14.560034252893761,15.316849920100317,0.99881623082263,-5.848305012524868,-2.15258716698159,-3.336553581646573,-4.880507542197332
2021-12-01,6.9286670984263665,3.9,0.08,2.221513767596228,6.674206408726402,6.048383440327498,5.212949279021384,5.023688194741283,5.112238890647802,5.160175670148348,4.801135706806381,4.049948282641136,2.6328530157631036,1.656028618434835,1.3644920352351875,1.3117775848018987,4.1,4.5,4.7,5.1,5.4,5.9,5.8,6.1,6.1,6.2,6.4,6.7,0.08,0.08,0.08,0.09,0.1,0.08,0.06,0.07,0.07,0.08,0.09,0.09,3.823509280001236,3.500869128884787,2.9680125145707947,4.172880111690969,5.353968964229505,8.579594049803507,14.560034252893761,15.316849920100317,0.99881623082263,-5.848305012524868,-2.15258716698159,-3.336553581646573
2022-01-01,7.286754203155343,4.0,0.08,1.3095223095463737,6.9286670984263665,6.674206408726402,6.048383440327498,5.212949279021384,5.023688194741283,5.112238890647802,5.160175670148348,4.801135706806381,4.049948282641136,2.6328530157631036,1.656028618434835,1.3644920352351875,3.9,4.1,4.5,4.7,5.1,5.4,5.9,5.8,6.1,6.1,6.2,6.4,0.08,0.08,0.08,0.08,0.09,0.1,0.08,0.06,0.07,0.07,0.08,0.09,2.221513767596228,3.823509280001236,3.500869128884787,2.9680125145707947,4.172880111690969,5.353968964229505,8.579594049803507,14.560034252893761,15.316849920100317,0.99881623082263,-5.848305012524868,-2.15258716698159
2022-02-01,7.638012027240038,3.9,0.08,5.287318003183827,7.286754203155343,6.9286670984263665,6.674206408726402,6.048383440327498,5.212949279021384,5.023688194741283,5.112238890647802,5.160175670148348,4.801135706806381,4.049948282641136,2.6328530157631036,1.656028618434835,4.0,3.9,4.1,4.5,4.7,5.1,5.4,5.9,5.8,6.1,6.1,6.2,0.08,0.08,0.08,0.08,0.08,0.09,0.1,0.08,0.06,0.07,0.07,0.08,1.3095223095463737,2.221513767596228,3.823509280001236,3.500869128884787,2.9680125145707947,4.172880111690969,5.353968964229505,8.579594049803507,14.560034252893761,15.316849920100317,0.99881623082263,-5.848305012524868
2022-03-01,8.224524921416254,3.7,0.2,3.0086919088748054,7.638012027240038,7.286754203155343,6.9286670984263665,6.674206408726402,6.048383440327498,5.212949279021384,5.023688194741283,5.112238890647802,5.160175670148348,4.801135706806381,4.049948282641136,2.6328530157631036,3.9,4.0,3.9,4.1,4.5,4.7,5.1,5.4,5.9,5.8,6.1,6.1,0.08,0.08,0.08,0.08,0.08,0.08,0.09,0.1,0.08,0.06,0.07,0.07,5.287318003183827,1.3095223095463737,2.221513767596228,3.823509280001236,3.500869128884787,2.9680125145707947,4.172880111690969,5.353968964229505,8.579594049803507,14.560034252893761,15.316849920100317,0.99881623082263
2022-04-01,7.910458257893627,3.7,0.33,2.881518092575863,8.224524921416254,7.638012027240038,7.286754203155343,6.9286670984263665,6.674206408726402,6.048383440327498,5.212949279021384,5.023688194741283,5.112238890647802,5.160175670148348,4.801135706806381,4.049948282641136,3.7,3.9,4.0,3.9,4.1,4.5,4.7,5.1,5.4,5.9,5.8,6.1,0.2,0.08,0.08,0.08,0.08,0.08,0.08,0.09,0.1,0.08,0.06,0.07,3.0086919088748054,5.287318003183827,1.3095223095463737,2.221513767596228,3.823509280001236,3.500869128884787,2.9680125145707947,4.172880111690969,5.353968964229505,8.579594049803507,14.560034252893761,15.316849920100317
2022-05-01,8.193173337717496,3.6,0.77,1.8929989854052032,7.910458257893627,8.224524921416254,7.638012027240038,7.286754203155343,6.9286670984263665,6.674206408726402,6.048383440327498,5.212949279021384,5.023688194741283,5.112238890647802,5.160175670148348,4.801135706806381,3.7,3.7,3.9,4.0,3.9,4.1,4.5,4.7,5.1,5.4,5.9,5.8,0.33,0.2,0.08,0.08,0.08,0.08,0.08,0.08,0.09,0.1,0.08,0.06,2.881518092575863,3.0086919088748054,5.287318003183827,1.3095223095463737,2.221513767596228,3.823509280001236,3.500869128884787,2.9680125145707947,4.172880111690969,5.353968964229505,8.579594049803507,14.560034252893761
2022-06-01,8.598833063458944,3.6,1.21,1.2143561603657815,8.193173337717496,7.910458257893627,8.224524921416254,7.638012027240038,7.286754203155343,6.9286670984263665,6.674206408726402,6.048383440327498,5.212949279021384,5.023688194741283,5.112238890647802,5.160175670148348,3.6,3.7,3.7,3.9,4.0,3.9,4.1,4.5,4.7,5.1,5.4,5.9,0.77,0.33,0.2,0.08,0.08,0.08,0.08,0.08,0.08,0.09,0.1,0.08,1.8929989854052032,2.881518092575863,3.0086919088748054,5.287318003183827,1.3095223095463737,2.221513767596228,3.823509280001236,3.500869128884787,2.9680125145707947,4.172880111690969,5.353968964229505,8.579594049803507
2022-07-01,8.12350125437833,3.5,1.68,0.9639985132570139,8.598833063458944,8.193173337717496,7.910458257893627,8.224524921416254,7.638012027240038,7.286754203155343,6.9286670984263665,6.674206408726402,6.048383440327498,5.212949279021384,5.023688194741283,5.112238890647802,3.6,3.6,3.7,3.7,3.9,4.0,3.9,4.1,4.5,4.7,5.1,5.4,1.21,0.77,0.33,0.2,0.08,0.08,0.08,0.08,0.08,0.08,0.09,0.1,1.2143561603657815,1.8929989854052032,2.881518092575863,3.0086919088748054,5.287318003183827,1.3095223095463737,2.221513767596228,3.823509280001236,3.500869128884787,2.9680125145707947,4.172880111690969,5.353968964229505
2022-08-01,7.90198386741503,3.6,2.33,1.0466437397034234,8.12350125437833,8.598833063458944,8.193173337717496,7.910458257893627,8.224524921416254,7.638012027240038,7.286754203155343,6.9286670984263665,6.674206408726402,6.048383440327498,5.212949279021384,5.023688194741283,3.5,3.6,3.6,3.7,3.7,3.9,4.0,3.9,4.1,4.5,4.7,5.1,1.68,1.21,0.77,0.33,0.2,0.08,0.08,0.08,0.08,0.08,0.08,0.09,0.9639985132570139,1.2143561603657815,1.8929989854052032,2.881518092575863,3.0086919088748054,5.287318003183827,1.3095223095463737,2.221513767596228,3.823509280001236,3.500869128884787,2.9680125145707947,4.172880111690969
2022-09-01,7.8738228562127865,3.5,2.56,2.432199480547581,7.90198386741503,8.12350125437833,8.598833063458944,8.193173337717496,7.910458257893627,8.224524921416254,7.638012027240038,7.286754203155343,6.9286670984263665,6.674206408726402,6.048383440327498,5.212949279021384,3.6,3.5,3.6,3.6,3.7,3.7,3.9,4.0,3.9,4.1,4.5,4.7,2.33,1.68,1.21,0.77,0.33,0.2,0.08,0.08,0.08,0.08,0.08,0.08,1.0466437397034234,0.9639985132570139,1.2143561603657815,1.8929989854052032,2.881518092575863,3.0086919088748054,5.287318003183827,1.3095223095463737,2.221513767596228,3.823509280001236,3.500869128884787,2.9680125145707947
2022-10-01,7.472533972171913,3.6,3.08,1.059189107877323,7.8738228562127865,7.90198386741503,8.12350125437833,8.598833063458944,8.193173337717496,7.910458257893627,8.224524921416254,7.638012027240038,7.286754203155343,6.9286670984263665,6.674206408726402,6.048383440327498,3.5,3.6,3.5,3.6,3.6,3.7,3.7,3.9,4.0,3.9,4.1,4.5,2.56,2.33,1.68,1.21,0.77,0.33,0.2,0.08,0.08,0.08,0.08,0.08,2.432199480547581,1.0466437397034234,0.9639985132570139,1.2143561603657815,1.8929989854052032,2.881518092575863,3.0086919088748054,5.287318003183827,1.3095223095463737,2.221513767596228,3.823509280001236,3.500869128884787
2022-11-01,6.880618098901525,3.6,3.78,0.08898993058812366,7.472533972171913,7.8738228562127865,7.90198386741503,8.12350125437833,8.598833063458944,8.193173337717496,7.910458257893627,8.224524921416254,7.638012027240038,7.286754203155343,6.9286670984263665,6.674206408726402,3.6,3.5,3.6,3.5,3.6,3.6,3.7,3.7,3.9,4.0,3.9,4.1,3.08,2.56,2.33,1.68,1.21,0.77,0.33,0.2,0.08,0.08,0.08,0.08,1.059189107877323,2.432199480547581,1.0466437397034234,0.9639985132570139,1.2143561603657815,1.8929989854052032,2.881518092575863,3.0086919088748054,5.287318003183827,1.3095223095463737,2.221513767596228,3.823509280001236
2022-12-01,6.207862684902565,3.5,4.1,-0.8048401478637501,6.880618098901525,7.472533972171913,7.8738228562127865,7.90198386741503,8.12350125437833,8.598833063458944,8.193173337717496,7.910458257893627,8.224524921416254,7.638012027240038,7.286754203155343,6.9286670984263665,3.6,3.6,3.5,3.6,3.5,3.6,3.6,3.7,3.7,3.9,4.0,3.9,3.78,3.08,2.56,2.33,1.68,1.21,0.77,0.33,0.2,0.08,0.08,0.08,0.08898993058812366,1.059189107877323,2.432199480547581,1.0466437397034234,0.9639985132570139,1.2143561603657815,1.8929989854052032,2.881518092575863,3.0086919088748054,5.287318003183827,1.3095223095463737,2.221513767596228
2023-01-01,6.1350744177162575,3.5,4.33,0.31830117570867955,6.207862684902565,6.880618098901525,7.472533972171913,7.8738228562127865,7.90198386741503,8.12350125437833,8.598833063458944,8.193173337717496,7.910458257893627,8.224524921416254,7.638012027240038,7.286754203155343,3.5,3.6,3.6,3.5,3.6,3.5,3.6,3.6,3.7,3.7,3.9,4.0,4.1,3.78,3.08,2.56,2.33,1.68,1.21,0.77,0.33,0.2,0.08,0.08,-0.8048401478637501,0.08898993058812366,1.059189107877323,2.432199480547581,1.0466437397034234,0.9639985132570139,1.2143561603657815,1.8929989854052032,2.881518092575863,3.0086919088748054,5.287318003183827,1.3095223095463737
2023-02-01,5.787091136902944,3.6,4.57,-0.16361546082777068,6.1350744177162575,6.207862684902565,6.880618098901525,7.472533972171913,7.8738228562127865,7.90198386741503,8.12350125437833,8.598833063458944,8.193173337717496,7.910458257893627,8.224524921416254,7.638012027240038,3.5,3.5,3.6,3.6,3.5,3.6,3.5,3.6,3.6,3.7,3.7,3.9,4.33,4.1,3.78,3.08,2.56,2.33,1.68,1.21,0.77,0.33,0.2,0.08,0.31830117570867955,-0.8048401478637501,0.08898993058812366,1.059189107877323,2.432199480547581,1.0466437397034234,0.9639985132570139,1.2143561603657815,1.8929989854052032,2.881518092575863,3.0086919088748054,5.287318003183827
2023-03-01,4.800623185944364,3.5,4.65,-0.36579044319786647,5.787091136902944,6.1350744177162575,6.207862684902565,6.880618098901525,7.472533972171913,7.8738228562127865,7.90198386741503,8.12350125437833,8.598833063458944,8.193173337717496,7.910458257893627,8.224524921416254,3.6,3.5,3.5,3.6,3.6,3.5,3.6,3.5,3.6,3.6,3.7,3.7,4.57,4.33,4.1,3.78,3.08,2.56,2.33,1.68,1.21,0.77,0.33,0.2,-0.16361546082777068,0.31830117570867955,-0.8048401478637501,0.08898993058812366,1.059189107877323,2.432199480547581,1.0466437397034234,0.9639985132570139,1.2143561603657815,1.8929989854052032,2.881518092575863,3.0086919088748054
2023-04-01,4.831462139426179,3.4,4.83,-0.18451555115861495,4.800623185944364,5.787091136902944,6.1350744177162575,6.207862684902565,6.880618098901525,7.472533972171913,7.8738228562127865,7.90198386741503,8.12350125437833,8.598833063458944,8.193173337717496,7.910458257893627,3.5,3.6,3.5,3.5,3.6,3.6,3.5,3.6,3.5,3.6,3.6,3.7,4.65,4.57,4.33,4.1,3.78,3.08,2.56,2.33,1.68,1.21,0.77,0.33,-0.36579044319786647,-0.16361546082777068,0.31830117570867955,-0.8048401478637501,0.08898993058812366,1.059189107877323,2.432199480547581,1.0466437397034234,0.9639985132570139,1.2143561603657815,1.8929989854052032,2.881518092575863
2023-05-01,4.048771047486532,3.6,5.06,-0.4003721318739828,4.831462139426179,4.800623185944364,5.787091136902944,6.1350744177162575,6.207862684902565,6.880618098901525,7.472533972171913,7.8738228562127865,7.90198386741503,8.12350125437833,8.598833063458944,8.193173337717496,3.4,3.5,3.6,3.5,3.5,3.6,3.6,3.5,3.6,3.5,3.6,3.6,4.83,4.65,4.57,4.33,4.1,3.78,3.08,2.56,2.33,1.68,1.21,0.77,-0.18451555115861495,-0.36579044319786647,-0.16361546082777068,0.31830117570867955,-0.8048401478637501,0.08898993058812366,1.059189107877323,2.432199480547581,1.0466437397034234,0.9639985132570139,1.2143561603657815,1.8929989854052032
2023-06-01,3.0244169973872026,3.6,5.08,-0.8933247434292468,4.048771047486532,4.831462139426179,4.800623185944364,5.787091136902944,6.1350744177162575,6.207862684902565,6.880618098901525,7.472533972171913,7.8738228562127865,7.90198386741503,8.12350125437833,8.598833063458944,3.6,3.4,3.5,3.6,3.5,3.5,3.6,3.6,3.5,3.6,3.5,3.6,5.06,4.83,4.65,4.57,4.33,4.1,3.78,3.08,2.56,2.33,1.68,1.21,-0.4003721318739828,-0.18451555115861495,-0.36579044319786647,-0.16361546082777068,0.31830117570867955,-0.8048401478637501,0.08898993058812366,1.059189107877323,2.432199480547581,1.0466437397034234,0.9639985132570139,1.2143561603657815
2023-07-01,3.2348589381848036,3.5,5.12,-0.31296762244883425,3.0244169973872026,4.048771047486532,4.831462139426179,4.800623185944364,5.787091136902944,6.1350744177162575,6.207862684902565,6.880618098901525,7.472533972171913,7.8738228562127865,7.90198386741503,8.12350125437833,3.6,3.6,3.4,3.5,3.6,3.5,3.5,3.6,3.6,3.5,3.6,3.5,5.08,5.06,4.83,4.65,4.57,4.33,4.1,3.78,3.08,2.56,2.33,1.68,-0.8933247434292468,-0.4003721318739828,-0.18451555115861495,-0.36579044319786647,-0.16361546082777068,0.31830117570867955,-0.8048401478637501,0.08898993058812366,1.059189107877323,2.432199480547581,1.0466437397034234,0.9639985132570139
2023-08-01,3.654892405819865,3.7,5.33,-0.2545367322614567,3.2348589381848036,3.0244169973872026,4.048771047486532,4.831462139426179,4.800623185944364,5.787091136902944,6.1350744177162575,6.207862684902565,6.880618098901525,7.472533972171913,7.8738228562127865,7.90198386741503,3.5,3.6,3.6,3.4,3.5,3.6,3.5,3.5,3.6,3.6,3.5,3.6,5.12,5.08,5.06,4.83,4.65,4.57,4.33,4.1,3.78,3.08,2.56,2.33,-0.31296762244883425,-0.8933247434292468,-0.4003721318739828,-0.18451555115861495,-0.36579044319786647,-0.16361546082777068,0.31830117570867955,-0.8048401478637501,0.08898993058812366,1.059189107877323,2.432199480547581,1.0466437397034234
2023-09-01,3.620855266978573,3.7,5.33,-0.2676054384532556,3.654892405819865,3.2348589381848036,3.0244169973872026,4.048771047486532,4.831462139426179,4.800623185944364,5.787091136902944,6.1350744177162575,6.207862684902565,6.880618098901525,7.472533972171913,7.8738228562127865,3.7,3.5,3.6,3.6,3.4,3.5,3.6,3.5,3.5,3.6,3.6,3.5,5.33,5.12,5.08,5.06,4.83,4.65,4.57,4.33,4.1,3.78,3.08,2.56,-0.2545367322614567,-0.31296762244883425,-0.8933247434292468,-0.4003721318739828,-0.18451555115861495,-0.36579044319786647,-0.16361546082777068,0.31830117570867955,-0.8048401478637501,0.08898993058812366,1.059189107877323,2.432199480547581
2023-10-01,3.199530640608561,3.9,5.33,-0.7773120679349432,3.620855266978573,3.654892405819865,3.2348589381848036,3.0244169973872026,4.048771047486532,4.831462139426179,4.800623185944364,5.787091136902944,6.1350744177162575,6.207862684902565,6.880618098901525,7.472533972171913,3.7,3.7,3.5,3.6,3.6,3.4,3.5,3.6,3.5,3.5,3.6,3.6,5.33,5.33,5.12,5.08,5.06,4.83,4.65,4.57,4.33,4.1,3.78,3.08,-0.2676054384532556,-0.2545367322614567,-0.31296762244883425,-0.8933247434292468,-0.4003721318739828,-0.18451555115861495,-0.36579044319786647,-0.16361546082777068,0.31830117570867955,-0.8048401478637501,0.08898993058812366,1.059189107877323
2023-11-01,3.0852588963602656,3.7,5.33,-0.09047707201972344,3.199530640608561,3.620855266978573,3.654892405819865,3.2348589381848036,3.0244169973872026,4.048771047486532,4.831462139426179,4.800623185944364,5.787091136902944,6.1350744177162575,6.207862684902565,6.880618098901525,3.9,3.7,3.7,3.5,3.6,3.6,3.4,3.5,3.6,3.5,3.5,3.6,5.33,5.33,5.33,5.12,5.08,5.06,4.83,4.65,4.57,4.33,4.1,3.78,-0.7773120679349432,-0.2676054384532556,-0.2545367322614567,-0.31296762244883425,-0.8933247434292468,-0.4003721318739828,-0.18451555115861495,-0.36579044319786647,-0.16361546082777068,0.31830117570867955,-0.8048401478637501,0.08898993058812366
2023-12-01,3.2621195148500703,3.8,5.33,0.8351619016677247,3.0852588963602656,3.199530640608561,3.620855266978573,3.654892405819865,3.2348589381848036,3.0244169973872026,4.048771047486532,4.831462139426179,4.800623185944364,5.787091136902944,6.1350744177162575,6.207862684902565,3.7,3.9,3.7,3.7,3.5,3.6,3.6,3.4,3.5,3.6,3.5,3.5,5.33,5.33,5.33,5.33,5.12,5.08,5.06,4.83,4.65,4.57,4.33,4.1,-0.09047707201972344,-0.7773120679349432,-0.2676054384532556,-0.2545367322614567,-0.31296762244883425,-0.8933247434292468,-0.4003721318739828,-0.18451555115861495,-0.36579044319786647,-0.16361546082777068,0.31830117570867955,-0.8048401478637501
2024-01-01,3.0416133525949185,3.7,5.33,-1.284469009080702,3.2621195148500703,3.0852588963602656,3.199530640608561,3.620855266978573,3.654892405819865,3.2348589381848036,3.0244169973872026,4.048771047486532,4.831462139426179,4.800623185944364,5.787091136902944,6.1350744177162575,3.8,3.7,3.9,3.7,3.7,3.5,3.6,3.6,3.4,3.5,3.6,3.5,5.33,5.33,5.33,5.33,5.33,5.12,5.08,5.06,4.83,4.65,4.57,4.33,0.8351619016677247,-0.09047707201972344,-0.7773120679349432,-0.2676054384532556,-0.2545367322614567,-0.31296762244883425,-0.8933247434292468,-0.4003721318739828,-0.18451555115861495,-0.36579044319786647,-0.16361546082777068,0.31830117570867955
2024-02-01,3.1082632289067824,3.9,5.33,-0.35495586389364675,3.0416133525949185,3.2621195148500703,3.0852588963602656,3.199530640608561,3.620855266978573,3.654892405819865,3.2348589381848036,3.0244169973872026,4.048771047486532,4.831462139426179,4.800623185944364,5.787091136902944,3.7,3.8,3.7,3.9,3.7,3.7,3.5,3.6,3.6,3.4,3.5,3.6,5.33,5.33,5.33,5.33,5.33,5.33,5.12,5.08,5.06,4.83,4.65,4.57,-1.284469009080702,0.8351619016677247,-0.09047707201972344,-0.7773120679349432,-0.2676054384532556,-0.2545367322614567,-0.31296762244883425,-0.8933247434292468,-0.4003721318739828,-0.18451555115861495,-0.36579044319786647,-0.16361546082777068
2024-03-01,3.4274219709797826,3.9,5.33,-0.558871405693484,3.1082632289067824,3.0416133525949185,3.2621195148500703,3.0852588963602656,3.199530640608561,3.620855266978573,3.654892405819865,3.2348589381848036,3.0244169973872026,4.048771047486532,4.831462139426179,4.800623185944364,3.9,3.7,3.8,3.7,3.9,3.7,3.7,3.5,3.6,3.6,3.4,3.5,5.33,5.33,5.33,5.33,5.33,5.33,5.33,5.12,5.08,5.06,4.83,4.65,-0.35495586389364675,-1.284469009080702,0.8351619016677247,-0.09047707201972344,-0.7773120679349432,-0.2676054384532556,-0.2545367322614567,-0.31296762244883425,-0.8933247434292468,-0.4003721318739828,-0.18451555115861495,-0.36579044319786647
2024-04-01,3.305554680124434,3.9,5.33,-1.002110656936761,3.4274219709797826,3.1082632289067824,3.0416133525949185,3.2621195148500703,3.0852588963602656,3.199530640608561,3.620855266978573,3.654892405819865,3.2348589381848036,3.0244169973872026,4.048771047486532,4.831462139426179,3.9,3.9,3.7,3.8,3.7,3.9,3.7,3.7,3.5,3.6,3.6,3.4,5.33,5.33,5.33,5.33,5.33,5.33,5.33,5.33,5.12,5.08,5.06,4.83,-0.558871405693484,-0.35495586389364675,-1.284469009080702,0.8351619016677247,-0.09047707201972344,-0.7773120679349432,-0.2676054384532556,-0.2545367322614567,-0.31296762244883425,-0.8933247434292468,-0.4003721318739828,-0.18451555115861495
2024-05-01,3.192763108768659,3.9,5.33,-0.06501757487518134,3.305554680124434,3.4274219709797826,3.1082632289067824,3.0416133525949185,3.2621195148500703,3.0852588963602656,3.199530640608561,3.620855266978573,3.654892405819865,3.2348589381848036,3.0244169973872026,4.048771047486532,3.9,3.9,3.9,3.7,3.8,3.7,3.9,3.7,3.7,3.5,3.6,3.6,5.33,5.33,5.33,5.33,5.33,5.33,5.33,5.33,5.33,5.12,5.08,5.06,-1.002110656936761,-0.558871405693484,-0.35495586389364675,-1.284469009080702,0.8351619016677247,-0.09047707201972344,-0.7773120679349432,-0.2676054384532556,-0.2545367322614567,-0.31296762244883425,-0.8933247434292468,-0.4003721318739828
2024-06-01,2.927000276286318,4.1,5.33,0.7704989424971664,3.192763108768659,3.305554680124434,3.4274219709797826,3.1082632289067824,3.0416133525949185,3.2621195148500703,3.0852588963602656,3.199530640608561,3.620855266978573,3.654892405819865,3.2348589381848036,3.0244169973872026,3.9,3.9,3.9,3.9,3.7,3.8,3.7,3.9,3.7,3.7,3.5,3.6,5.33,5.33,5.33,5.33,5.33,5.33,5.33,5.33,5.33,5.33,5.12,5.08,-0.06501757487518134,-1.002110656936761,-0.558871405693484,-0.35495586389364675,-1.284469009080702,0.8351619016677247,-0.09047707201972344,-0.7773120679349432,-0.2676054384532556,-0.2545367322614567,-0.31296762244883425,-0.8933247434292468
2024-07-01,2.899044457787703,4.2,5.33,-0.9269171074808291,2.927000276286318,3.192763108768659,3.305554680124434,3.4274219709797826,3.1082632289067824,3.0416133525949185,3.2621195148500703,3.0852588963602656,3.199530640608561,3.620855266978573,3.654892405819865,3.2348589381848036,4.1,3.9,3.9,3.9,3.9,3.7,3.8,3.7,3.9,3.7,3.7,3.5,5.33,5.33,5.33,5.33,5.33,5.33,5.33,5.33,5.33,5.33,5.33,5.12,0.7704989424971664,-0.06501757487518134,-1.002110656936761,-0.558871405693484,-0.35495586389364675,-1.284469009080702,0.8351619016677247,-0.09047707201972344,-0.7773120679349432,-0.2676054384532556,-0.2545367322614567,-0.31296762244883425
2024-08-01,2.573737873641768,4.2,5.33,-0.4058231775028176,2.899044457787703,2.927000276286318,3.192763108768659,3.305554680124434,3.4274219709797826,3.1082632289067824,3.0416133525949185,3.2621195148500703,3.0852588963602656,3.199530640608561,3.620855266978573,3.654892405819865,4.2,4.1,3.9,3.9,3.9,3.9,3.7,3.8,3.7,3.9,3.7,3.7,5.33,5.33,5.33,5.33,5.33,5.33,5.33,5.33,5.33,5.33,5.33,5.33,-0.9269171074808291,0.7704989424971664,-0.06501757487518134,-1.002110656936761,-0.558871405693484,-0.35495586389364675,-1.284469009080702,0.8351619016677247,-0.09047707201972344,-0.7773120679349432,-0.2676054384532556,-0.2545367322614567
2024-09-01,2.397511653496043,4.1,5.13,-1.207705780137136,2.573737873641768,2.899044457787703,2.927000276286318,3.192763108768659,3.305554680124434,3.4274219709797826,3.1082632289067824,3.0416133525949185,3.2621195148500703,3.0852588963602656,3.199530640608561,3.620855266978573,4.2,4.2,4.1,3.9,3.9,3.9,3.9,3.7,3.8,3.7,3.9,3.7,5.33,5.33,5.33,5.33,5.33,5.33,5.33,5.33,5.33,5.33,5.33,5.33,-0.4058231775028176,-0.9269171074808291,0.7704989424971664,-0.06501757487518134,-1.002110656936761,-0.558871405693484,-0.35495586389364675,-1.284469009080702,0.8351619016677247,-0.09047707201972344,-0.7773120679349432,-0.2676054384532556
2024-10-01,2.546152718143624,4.1,4.83,-0.9997162361943701,2.397511653496043,2.573737873641768,2.899044457787703,2.927000276286318,3.192763108768659,3.305554680124434,3.4274219709797826,3.1082632289067824,3.0416133525949185,3.2621195148500703,3.0852588963602656,3.199530640608561,4.1,4.2,4.2,4.1,3.9,3.9,3.9,3.9,3.7,3.8,3.7,3.9,5.13,5.33,5.33,5.33,5.33,5.33,5.33,5.33,5.33,5.33,5.33,5.33,-1.207705780137136,-0.4058231775028176,-0.9269171074808291,0.7704989424971664,-0.06501757487518134,-1.002110656936761,-0.558871405693484,-0.35495586389364675,-1.284469009080702,0.8351619016677247,-0.09047707201972344,-0.7773120679349432
2024-11-01,2.6831518244156527,4.2,4.64,-1.5702043863073278,2.546152718143624,2.397511653496043,2.573737873641768,2.899044457787703,2.927000276286318,3.192763108768659,3.305554680124434,3.4274219709797826,3.1082632289067824,3.0416133525949185,3.2621195148500703,3.0852588963602656,4.1,4.1,4.2,4.2,4.1,3.9,3.9,3.9,3.9,3.7,3.8,3.7,4.83,5.13,5.33,5.33,5.33,5.33,5.33,5.33,5.33,5.33,5.33,5.33,-0.9997162361943701,-1.207705780137136,-0.4058231775028176,-0.9269171074808291,0.7704989424971664,-0.06501757487518134,-1.002110656936761,-0.558871405693484,-0.35495586389364675,-1.284469009080702,0.8351619016677247,-0.09047707201972344
2024-12-01,2.8302586032356913,4.1,4.48,-0.27452309178617185,2.6831518244156527,2.546152718143624,2.397511653496043,2.573737873641768,2.899044457787703,2.927000276286318,3.192763108768659,3.305554680124434,3.4274219709797826,3.1082632289067824,3.0416133525949185,3.2621195148500703,4.2,4.1,4.1,4.2,4.2,4.1,3.9,3.9,3.9,3.9,3.7,3.8,4.64,4.83,5.13,5.33,5.33,5.33,5.33,5.33,5.33,5.33,5.33,5.33,-1.5702043863073278,-0.9997162361943701,-1.207705780137136,-0.4058231775028176,-0.9269171074808291,0.7704989424971664,-0.06501757487518134,-1.002110656936761,-0.558871405693484,-0.35495586389364675,-1.284469009080702,0.8351619016677247
2025-01-01,2.9471209161693324,4.0,4.33,0.8454189359275333,2.8302586032356913,2.6831518244156527,2.546152718143624,2.397511653496043,2.573737873641768,2.899044457787703,2.927000276286318,3.192763108768659,3.305554680124434,3.4274219709797826,3.1082632289067824,3.0416133525949185,4.1,4.2,4.1,4.1,4.2,4.2,4.1,3.9,3.9,3.9,3.9,3.7,4.48,4.64,4.83,5.13,5.33,5.33,5.33,5.33,5.33,5.33,5.33,5.33,-0.27452309178617185,-1.5702043863073278,-0.9997162361943701,-1.207705780137136,-0.4058231775028176,-0.9269171074808291,0.7704989424971664,-0.06501757487518134,-1.002110656936761,-0.558871405693484,-0.35495586389364675,-1.284469009080702
2025-02-01,2.7630570102685326,4.2,4.33,0.8087069726661511,2.9471209161693324,2.8302586032356913,2.6831518244156527,2.546152718143624,2.397511653496043,2.573737873641768,2.899044457787703,2.927000276286318,3.192763108768659,3.305554680124434,3.4274219709797826,3.1082632289067824,4.0,4.1,4.2,4.1,4.1,4.2,4.2,4.1,3.9,3.9,3.9,3.9,4.33,4.48,4.64,4.83,5.13,5.33,5.33,5.33,5.33,5.33,5.33,5.33,0.8454189359275333,-0.27452309178617185,-1.5702043863073278,-0.9997162361943701,-1.207705780137136,-0.4058231775028176,-0.9269171074808291,0.7704989424971664,-0.06501757487518134,-1.002110656936761,-0.558871405693484,-0.35495586389364675
2025-03-01,2.354054885684853,4.2,4.33,0.5785684376915512,2.7630570102685326,2.9471209161693324,2.8302586032356913,2.6831518244156527,2.546152718143624,2.397511653496043,2.573737873641768,2.899044457787703,2.927000276286318,3.192763108768659,3.305554680124434,3.4274219709797826,4.2,4.0,4.1,4.2,4.1,4.1,4.2,4.2,4.1,3.9,3.9,3.9,4.33,4.33,4.48,4.64,4.83,5.13,5.33,5.33,5.33,5.33,5.33,5.33,0.8087069726661511,0.8454189359275333,-0.27452309178617185,-1.5702043863073278,-0.9997162361943701,-1.207705780137136,-0.4058231775028176,-0.9269171074808291,0.7704989424971664,-0.06501757487518134,-1.002110656936761,-0.558871405693484
2025-04-01,2.298763047316399,4.2,4.33,0.8784823738986702,2.354054885684853,2.7630570102685326,2.9471209161693324,2.8302586032356913,2.6831518244156527,2.546152718143624,2.397511653496043,2.573737873641768,2.899044457787703,2.927000276286318,3.192763108768659,3.305554680124434,4.2,4.2,4.0,4.1,4.2,4.1,4.1,4.2,4.2,4.1,3.9,3.9,4.33,4.33,4.33,4.48,4.64,4.83,5.13,5.33,5.33,5.33,5.33,5.33,0.5785684376915512,0.8087069726661511,0.8454189359275333,-0.27452309178617185,-1.5702043863073278,-0.9997162361943701,-1.207705780137136,-0.4058231775028176,-0.9269171074808291,0.7704989424971664,-0.06501757487518134,-1.002110656936761
2025-05-01,2.3494481531272093,4.3,4.33,0.10157139235760226,2.298763047316399,2.354054885684853,2.7630570102685326,2.9471209161693324,2.8302586032356913,2.6831518244156527,2.546152718143624,2.397511653496043,2.573737873641768,2.899044457787703,2.927000276286318,3.192763108768659,4.2,4.2,4.2,4.0,4.1,4.2,4.1,4.1,4.2,4.2,4.1,3.9,4.33,4.33,4.33,4.33,4.48,4.64,4.83,5.13,5.33,5.33,5.33,5.33,0.8784823738986702,0.5785684376915512,0.8087069726661511,0.8454189359275333,-0.27452309178617185,-1.5702043863073278,-0.9997162361943701,-1.207705780137136,-0.4058231775028176,-0.9269171074808291,0.7704989424971664,-0.06501757487518134
2025-06-01,2.6451590202881015,4.1,4.33,0.577649260934443,2.3494481531272093,2.298763047316399,2.354054885684853,2.7630570102685326,2.9471209161693324,2.8302586032356913,2.6831518244156527,2.546152718143624,2.397511653496043,2.573737873641768,2.899044457787703,2.927000276286318,4.3,4.2,4.2,4.2,4.0,4.1,4.2,4.1,4.1,4.2,4.2,4.1,4.33,4.33,4.33,4.33,4.33,4.48,4.64,4.83,5.13,5.33,5.33,5.33,0.10157139235760226,0.8784823738986702,0.5785684376915512,0.8087069726661511,0.8454189359275333,-0.27452309178617185,-1.5702043863073278,-0.9997162361943701,-1.207705780137136,-0.4058231775028176,-0.9269171074808291,0.7704989424971664
2025-07-01,2.7056821032835465,4.3,4.33,1.9005900780168616,2.6451590202881015,2.3494481531272093,2.298763047316399,2.354054885684853,2.7630570102685326,2.9471209161693324,2.8302586032356913,2.6831518244156527,2.546152718143624,2.397511653496043,2.573737873641768,2.899044457787703,4.1,4.3,4.2,4.2,4.2,4.0,4.1,4.2,4.1,4.1,4.2,4.2,4.33,4.33,4.33,4.33,4.33,4.33,4.48,4.64,4.83,5.13,5.33,5.33,0.577649260934443,0.10157139235760226,0.8784823738986702,0.5785684376915512,0.8087069726661511,0.8454189359275333,-0.27452309178617185,-1.5702043863073278,-0.9997162361943701,-1.207705780137136,-0.4058231775028176,-0.9269171074808291
2025-08-01,2.8962427776042965,4.3,4.33,1.1816687003305404,2.7056821032835465,2.6451590202881015,2.3494481531272093,2.298763047316399,2.354054885684853,2.7630570102685326,2.9471209161693324,2.8302586032356913,2.6831518244156527,2.546152718143624,2.397511653496043,2.573737873641768,4.3,4.1,4.3,4.2,4.2,4.2,4.0,4.1,4.2,4.1,4.1,4.2,4.33,4.33,4.33,4.33,4.33,4.33,4.33,4.48,4.64,4.83,5.13,5.33,1.9005900780168616,0.577649260934443,0.10157139235760226,0.8784823738986702,0.5785684376915512,0.8087069726661511,0.8454189359275333,-0.27452309178617185,-1.5702043863073278,-0.9997162361943701,-1.207705780137136,-0.4058231775028176
2025-09-01,2.977791983269018,4.4,4.22,1.8460254495266781,2.8962427776042965,2.7056821032835465,2.6451590202881015,2.3494481531272093,2.298763047316399,2.354054885684853,2.7630570102685326,2.9471209161693324,2.8302586032356913,2.6831518244156527,2.546152718143624,2.397511653496043,4.3,4.3,4.1,4.3,4.2,4.2,4.2,4.0,4.1,4.2,4.1,4.1,4.33,4.33,4.33,4.33,4.33,4.33,4.33,4.33,4.48,4.64,4.83,5.13,1.1816687003305404,1.9005900780168616,0.577649260934443,0.10157139235760226,0.8784823738986702,0.5785684376915512,0.8087069726661511,0.8454189359275333,-0.27452309178617185,-1.5702043863073278,-0.9997162361943701,-1.207705780137136
2025-10-01,2.8186190089700247,4.45,4.09,1.7440361528010762,2.977791983269018,2.8962427776042965,2.7056821032835465,2.6451590202881015,2.3494481531272093,2.298763047316399,2.354054885684853,2.7630570102685326,2.9471209161693324,2.8302586032356913,2.6831518244156527,2.546152718143624,4.4,4.3,4.3,4.1,4.3,4.2,4.2,4.2,4.0,4.1,4.2,4.1,4.22,4.33,4.33,4.33,4.33,4.33,4.33,4.33,4.33,4.48,4.64,4.83,1.8460254495266781,1.1816687003305404,1.9005900780168616,0.577649260934443,0.10157139235760226,0.8784823738986702,0.5785684376915512,0.8087069726661511,0.8454189359275333,-0.27452309178617185,-1.5702043863073278,-0.9997162361943701
2025-11-01,2.660730441211001,4.5,3.88,1.7391013413891265,2.8186190089700247,2.977791983269018,2.8962427776042965,2.7056821032835465,2.6451590202881015,2.3494481531272093,2.298763047316399,2.354054885684853,2.7630570102685326,2.9471209161693324,2.8302586032356913,2.6831518244156527,4.45,4.4,4.3,4.3,4.1,4.3,4.2,4.2,4.2,4.0,4.1,4.2,4.09,4.22,4.33,4.33,4.33,4.33,4.33,4.33,4.33,4.33,4.48,4.64,1.7440361528010762,1.8460254495266781,1.1816687003305404,1.9005900780168616,0.577649260934443,0.10157139235760226,0.8784823738986702,0.5785684376915512,0.8087069726661511,0.8454189359275333,-0.27452309178617185,-1.5702043863073278
2025-12-01,2.61871451181781,4.4,3.72,1.1820937102163143,2.660730441211001,2.8186190089700247,2.977791983269018,2.8962427776042965,2.7056821032835465,2.6451590202881015,2.3494481531272093,2.298763047316399,2.354054885684853,2.7630570102685326,2.9471209161693324,2.8302586032356913,4.5,4.45,4.4,4.3,4.3,4.1,4.3,4.2,4.2,4.2,4.0,4.1,3.88,4.09,4.22,4.33,4.33,4.33,4.33,4.33,4.33,4.33,4.33,4.48,1.7391013413891265,1.7440361528010762,1.8460254495266781,1.1816687003305404,1.9005900780168616,0.577649260934443,0.10157139235760226,0.8784823738986702,0.5785684376915512,0.8087069726661511,0.8454189359275333,-0.27452309178617185
2026-01-01,2.363059941151935,4.3,3.64,1.398267483186988,2.61871451181781,2.660730441211001,2.8186190089700247,2.977791983269018,2.8962427776042965,2.7056821032835465,2.6451590202881015,2.3494481531272093,2.298763047316399,2.354054885684853,2.7630570102685326,2.9471209161693324,4.4,4.5,4.45,4.4,4.3,4.3,4.1,4.3,4.2,4.2,4.2,4.0,3.72,3.88,4.09,4.22,4.33,4.33,4.33,4.33,4.33,4.33,4.33,4.33,1.1820937102163143,1.7391013413891265,1.7440361528010762,1.8460254495266781,1.1816687003305404,1.9005900780168616,0.577649260934443,0.10157139235760226,0.8784823738986702,0.5785684376915512,0.8087069726661511,0.8454189359275333
2026-02-01,2.4048542884178126,4.4,3.64,0.9858337854462995,2.363059941151935,2.61871451181781,2.660730441211001,2.8186190089700247,2.977791983269018,2.8962427776042965,2.7056821032835465,2.6451590202881015,2.3494481531272093,2.298763047316399,2.354054885684853,2.7630570102685326,4.3,4.4,4.5,4.45,4.4,4.3,4.3,4.1,4.3,4.2,4.2,4.2,3.64,3.72,3.88,4.09,4.22,4.33,4.33,4.33,4.33,4.33,4.33,4.33,1.398267483186988,1.1820937102163143,1.7391013413891265,1.7440361528010762,1.8460254495266781,1.1816687003305404,1.9005900780168616,0.577649260934443,0.10157139235760226,0.8784823738986702,0.5785684376915512,0.8087069726661511
2026-03-01,3.233124433257739,4.3,3.64,0.7548604613263343,2.4048542884178126,2.363059941151935,2.61871451181781,2.660730441211001,2.8186190089700247,2.977791983269018,2.8962427776042965,2.7056821032835465,2.6451590202881015,2.3494481531272093,2.298763047316399,2.354054885684853,4.4,4.3,4.4,4.5,4.45,4.4,4.3,4.3,4.1,4.3,4.2,4.2,3.64,3.64,3.72,3.88,4.09,4.22,4.33,4.33,4.33,4.33,4.33,4.33,0.9858337854462995,1.398267483186988,1.1820937102163143,1.7391013413891265,1.7440361528010762,1.8460254495266781,1.1816687003305404,1.9005900780168616,0.577649260934443,0.10157139235760226,0.8784823738986702,0.5785684376915512
2026-04-01,3.709582098292774,4.3,3.64,1.3440648019006574,3.233124433257739,2.4048542884178126,2.363059941151935,2.61871451181781,2.660730441211001,2.8186190089700247,2.977791983269018,2.8962427776042965,2.7056821032835465,2.6451590202881015,2.3494481531272093,2.298763047316399,4.3,4.4,4.3,4.4,4.5,4.45,4.4,4.3,4.3,4.1,4.3,4.2,3.64,3.64,3.64,3.72,3.88,4.09,4.22,4.33,4.33,4.33,4.33,4.33,0.7548604613263343,0.9858337854462995,1.398267483186988,1.1820937102163143,1.7391013413891265,1.7440361528010762,1.8460254495266781,1.1816687003305404,1.9005900780168616,0.577649260934443,0.10157139235760226,0.8784823738986702
